/****************************************************************************
** Resource object code
**
** Created by: The Resource Compiler for Qt version 6.7.2
**
** WARNING! All changes made in this file will be lost!
*****************************************************************************/

static const unsigned char qt_resource_data[] = {
  // /media/yasso/yasso2/Embedded Systems/grad project/qt/InfotainmentQt-draft2/media/pause_icon.svg
  0x0,0x0,0x0,0xcf,
  0x3c,
  0x73,0x76,0x67,0x20,0x78,0x6d,0x6c,0x6e,0x73,0x3d,0x22,0x68,0x74,0x74,0x70,0x3a,
  0x2f,0x2f,0x77,0x77,0x77,0x2e,0x77,0x33,0x2e,0x6f,0x72,0x67,0x2f,0x32,0x30,0x30,
  0x30,0x2f,0x73,0x76,0x67,0x22,0x20,0x77,0x69,0x64,0x74,0x68,0x3d,0x22,0x32,0x34,
  0x22,0x20,0x68,0x65,0x69,0x67,0x68,0x74,0x3d,0x22,0x32,0x34,0x22,0x20,0x76,0x69,
  0x65,0x77,0x42,0x6f,0x78,0x3d,0x22,0x30,0x20,0x30,0x20,0x32,0x34,0x20,0x32,0x34,
  0x22,0x3e,0xa,0x20,0x20,0x20,0x20,0x3c,0x70,0x61,0x74,0x68,0x20,0x66,0x69,0x6c,
  0x6c,0x3d,0x22,0x6e,0x6f,0x6e,0x65,0x22,0x20,0x64,0x3d,0x22,0x4d,0x30,0x20,0x30,
  0x68,0x32,0x34,0x76,0x32,0x34,0x48,0x30,0x7a,0x22,0x2f,0x3e,0xa,0x20,0x20,0x20,
  0x20,0x3c,0x70,0x61,0x74,0x68,0x20,0x66,0x69,0x6c,0x6c,0x3d,0x22,0x72,0x67,0x62,
  0x28,0x32,0x35,0x35,0x2c,0x20,0x32,0x35,0x35,0x2c,0x20,0x32,0x35,0x35,0x29,0x22,
  0x20,0x64,0x3d,0x22,0x4d,0x36,0x20,0x31,0x39,0x68,0x34,0x56,0x35,0x48,0x36,0x76,
  0x31,0x34,0x7a,0x6d,0x38,0x2d,0x31,0x34,0x76,0x31,0x34,0x68,0x34,0x56,0x35,0x68,
  0x2d,0x34,0x7a,0x22,0x2f,0x3e,0xa,0x3c,0x2f,0x73,0x76,0x67,0x3e,0xa,
    // /media/yasso/yasso2/Embedded Systems/grad project/qt/InfotainmentQt-draft2/media/volume_off-24px.svg
  0x0,0x0,0x2,0xf,
  0x3c,
  0x73,0x76,0x67,0x20,0x78,0x6d,0x6c,0x6e,0x73,0x3d,0x22,0x68,0x74,0x74,0x70,0x3a,
  0x2f,0x2f,0x77,0x77,0x77,0x2e,0x77,0x33,0x2e,0x6f,0x72,0x67,0x2f,0x32,0x30,0x30,
  0x30,0x2f,0x73,0x76,0x67,0x22,0x20,0x77,0x69,0x64,0x74,0x68,0x3d,0x22,0x32,0x34,
  0x22,0x20,0x68,0x65,0x69,0x67,0x68,0x74,0x3d,0x22,0x32,0x34,0x22,0x20,0x76,0x69,
  0x65,0x77,0x42,0x6f,0x78,0x3d,0x22,0x30,0x20,0x30,0x20,0x32,0x34,0x20,0x32,0x34,
  0x22,0x3e,0xa,0x20,0x20,0x20,0x20,0x3c,0x70,0x61,0x74,0x68,0x20,0x64,0x3d,0x22,
  0x4d,0x30,0x20,0x30,0x68,0x32,0x34,0x76,0x32,0x34,0x48,0x30,0x7a,0x22,0x20,0x66,
  0x69,0x6c,0x6c,0x3d,0x22,0x6e,0x6f,0x6e,0x65,0x22,0x2f,0x3e,0xa,0x20,0x20,0x20,
  0x20,0x3c,0x70,0x61,0x74,0x68,0x20,0x66,0x69,0x6c,0x6c,0x3d,0x22,0x72,0x67,0x62,
  0x28,0x32,0x35,0x35,0x2c,0x20,0x32,0x35,0x35,0x2c,0x20,0x32,0x35,0x35,0x29,0x22,
  0x20,0x64,0x3d,0x22,0x4d,0x31,0x36,0x2e,0x35,0x20,0x31,0x32,0x63,0x30,0x2d,0x31,
  0x2e,0x37,0x37,0x2d,0x31,0x2e,0x30,0x32,0x2d,0x33,0x2e,0x32,0x39,0x2d,0x32,0x2e,
  0x35,0x2d,0x34,0x2e,0x30,0x33,0x76,0x32,0x2e,0x32,0x31,0x6c,0x32,0x2e,0x34,0x35,
  0x20,0x32,0x2e,0x34,0x35,0x63,0x2e,0x30,0x33,0x2d,0x2e,0x32,0x2e,0x30,0x35,0x2d,
  0x2e,0x34,0x31,0x2e,0x30,0x35,0x2d,0x2e,0x36,0x33,0x7a,0x6d,0x32,0x2e,0x35,0x20,
  0x30,0x63,0x30,0x20,0x2e,0x39,0x34,0x2d,0x2e,0x32,0x20,0x31,0x2e,0x38,0x32,0x2d,
  0x2e,0x35,0x34,0x20,0x32,0x2e,0x36,0x34,0x6c,0x31,0x2e,0x35,0x31,0x20,0x31,0x2e,
  0x35,0x31,0x43,0x32,0x30,0x2e,0x36,0x33,0x20,0x31,0x34,0x2e,0x39,0x31,0x20,0x32,
  0x31,0x20,0x31,0x33,0x2e,0x35,0x20,0x32,0x31,0x20,0x31,0x32,0x63,0x30,0x2d,0x34,
  0x2e,0x32,0x38,0x2d,0x32,0x2e,0x39,0x39,0x2d,0x37,0x2e,0x38,0x36,0x2d,0x37,0x2d,
  0x38,0x2e,0x37,0x37,0x76,0x32,0x2e,0x30,0x36,0x63,0x32,0x2e,0x38,0x39,0x2e,0x38,
  0x36,0x20,0x35,0x20,0x33,0x2e,0x35,0x34,0x20,0x35,0x20,0x36,0x2e,0x37,0x31,0x7a,
  0x4d,0x34,0x2e,0x32,0x37,0x20,0x33,0x4c,0x33,0x20,0x34,0x2e,0x32,0x37,0x20,0x37,
  0x2e,0x37,0x33,0x20,0x39,0x48,0x33,0x76,0x36,0x68,0x34,0x6c,0x35,0x20,0x35,0x76,
  0x2d,0x36,0x2e,0x37,0x33,0x6c,0x34,0x2e,0x32,0x35,0x20,0x34,0x2e,0x32,0x35,0x63,
  0x2d,0x2e,0x36,0x37,0x2e,0x35,0x32,0x2d,0x31,0x2e,0x34,0x32,0x2e,0x39,0x33,0x2d,
  0x32,0x2e,0x32,0x35,0x20,0x31,0x2e,0x31,0x38,0x76,0x32,0x2e,0x30,0x36,0x63,0x31,
  0x2e,0x33,0x38,0x2d,0x2e,0x33,0x31,0x20,0x32,0x2e,0x36,0x33,0x2d,0x2e,0x39,0x35,
  0x20,0x33,0x2e,0x36,0x39,0x2d,0x31,0x2e,0x38,0x31,0x4c,0x31,0x39,0x2e,0x37,0x33,
  0x20,0x32,0x31,0x20,0x32,0x31,0x20,0x31,0x39,0x2e,0x37,0x33,0x6c,0x2d,0x39,0x2d,
  0x39,0x4c,0x34,0x2e,0x32,0x37,0x20,0x33,0x7a,0x4d,0x31,0x32,0x20,0x34,0x4c,0x39,
  0x2e,0x39,0x31,0x20,0x36,0x2e,0x30,0x39,0x20,0x31,0x32,0x20,0x38,0x2e,0x31,0x38,
  0x56,0x34,0x7a,0x22,0x2f,0x3e,0xa,0x3c,0x2f,0x73,0x76,0x67,0x3e,0xa,
    // /media/yasso/yasso2/Embedded Systems/grad project/qt/InfotainmentQt-draft2/media/backward_icon.svg
  0x0,0x0,0x0,0xcb,
  0x3c,
  0x73,0x76,0x67,0x20,0x78,0x6d,0x6c,0x6e,0x73,0x3d,0x22,0x68,0x74,0x74,0x70,0x3a,
  0x2f,0x2f,0x77,0x77,0x77,0x2e,0x77,0x33,0x2e,0x6f,0x72,0x67,0x2f,0x32,0x30,0x30,
  0x30,0x2f,0x73,0x76,0x67,0x22,0x20,0x77,0x69,0x64,0x74,0x68,0x3d,0x22,0x32,0x34,
  0x22,0x20,0x68,0x65,0x69,0x67,0x68,0x74,0x3d,0x22,0x32,0x34,0x22,0x20,0x76,0x69,
  0x65,0x77,0x42,0x6f,0x78,0x3d,0x22,0x30,0x20,0x30,0x20,0x32,0x34,0x20,0x32,0x34,
  0x22,0x3e,0xa,0x20,0x20,0x20,0x20,0x3c,0x70,0x61,0x74,0x68,0x20,0x66,0x69,0x6c,
  0x6c,0x3d,0x22,0x6e,0x6f,0x6e,0x65,0x22,0x20,0x64,0x3d,0x22,0x4d,0x30,0x20,0x30,
  0x68,0x32,0x34,0x76,0x32,0x34,0x48,0x30,0x7a,0x22,0x2f,0x3e,0xa,0x20,0x20,0x20,
  0x20,0x3c,0x70,0x61,0x74,0x68,0x20,0x66,0x69,0x6c,0x6c,0x3d,0x22,0x72,0x67,0x62,
  0x28,0x32,0x35,0x35,0x2c,0x20,0x32,0x35,0x35,0x2c,0x20,0x32,0x35,0x35,0x29,0x22,
  0x20,0x64,0x3d,0x22,0x4d,0x36,0x20,0x36,0x68,0x32,0x76,0x31,0x32,0x48,0x36,0x7a,
  0x6d,0x33,0x2e,0x35,0x20,0x36,0x6c,0x38,0x2e,0x35,0x20,0x36,0x56,0x36,0x7a,0x22,
  0x2f,0x3e,0xa,0x3c,0x2f,0x73,0x76,0x67,0x3e,0xa,
    // /media/yasso/yasso2/Embedded Systems/grad project/qt/InfotainmentQt-draft2/media/goBack.svg
  0x0,0x0,0x0,0xd8,
  0x3c,
  0x73,0x76,0x67,0x20,0x78,0x6d,0x6c,0x6e,0x73,0x3d,0x22,0x68,0x74,0x74,0x70,0x3a,
  0x2f,0x2f,0x77,0x77,0x77,0x2e,0x77,0x33,0x2e,0x6f,0x72,0x67,0x2f,0x32,0x30,0x30,
  0x30,0x2f,0x73,0x76,0x67,0x22,0x20,0x77,0x69,0x64,0x74,0x68,0x3d,0x22,0x32,0x34,
  0x22,0x20,0x68,0x65,0x69,0x67,0x68,0x74,0x3d,0x22,0x32,0x34,0x22,0x20,0x76,0x69,
  0x65,0x77,0x42,0x6f,0x78,0x3d,0x22,0x30,0x20,0x30,0x20,0x32,0x34,0x20,0x32,0x34,
  0x22,0x3e,0xa,0x20,0x20,0x20,0x20,0x3c,0x70,0x61,0x74,0x68,0x20,0x66,0x69,0x6c,
  0x6c,0x3d,0x22,0x6e,0x6f,0x6e,0x65,0x22,0x20,0x64,0x3d,0x22,0x4d,0x30,0x20,0x30,
  0x68,0x32,0x34,0x76,0x32,0x34,0x48,0x30,0x7a,0x22,0x2f,0x3e,0xa,0x20,0x20,0x20,
  0x20,0x3c,0x70,0x61,0x74,0x68,0x20,0x66,0x69,0x6c,0x6c,0x3d,0x22,0x72,0x67,0x62,
  0x28,0x32,0x32,0x34,0x2c,0x20,0x32,0x32,0x34,0x2c,0x20,0x32,0x32,0x34,0x29,0x22,
  0x20,0x64,0x3d,0x22,0x4d,0x34,0x2e,0x32,0x35,0x2c,0x38,0x2e,0x31,0x33,0x6c,0x37,
  0x2e,0x37,0x35,0x2c,0x37,0x2e,0x37,0x35,0x6c,0x37,0x2e,0x37,0x35,0x2c,0x2d,0x37,
  0x2e,0x37,0x35,0x6c,0x2d,0x31,0x35,0x2e,0x35,0x2c,0x30,0x7a,0x22,0x2f,0x3e,0xa,
  0x3c,0x2f,0x73,0x76,0x67,0x3e,0xa,
    // /media/yasso/yasso2/Embedded Systems/grad project/qt/InfotainmentQt-draft2/media/forward_icon.svg
  0x0,0x0,0x0,0xd3,
  0x3c,
  0x73,0x76,0x67,0x20,0x78,0x6d,0x6c,0x6e,0x73,0x3d,0x22,0x68,0x74,0x74,0x70,0x3a,
  0x2f,0x2f,0x77,0x77,0x77,0x2e,0x77,0x33,0x2e,0x6f,0x72,0x67,0x2f,0x32,0x30,0x30,
  0x30,0x2f,0x73,0x76,0x67,0x22,0x20,0x77,0x69,0x64,0x74,0x68,0x3d,0x22,0x32,0x34,
  0x22,0x20,0x68,0x65,0x69,0x67,0x68,0x74,0x3d,0x22,0x32,0x34,0x22,0x20,0x76,0x69,
  0x65,0x77,0x42,0x6f,0x78,0x3d,0x22,0x30,0x20,0x30,0x20,0x32,0x34,0x20,0x32,0x34,
  0x22,0x3e,0xa,0x20,0x20,0x20,0x20,0x3c,0x70,0x61,0x74,0x68,0x20,0x66,0x69,0x6c,
  0x6c,0x3d,0x22,0x6e,0x6f,0x6e,0x65,0x22,0x20,0x64,0x3d,0x22,0x4d,0x30,0x20,0x30,
  0x68,0x32,0x34,0x76,0x32,0x34,0x48,0x30,0x7a,0x22,0x2f,0x3e,0xa,0x20,0x20,0x20,
  0x20,0x3c,0x70,0x61,0x74,0x68,0x20,0x66,0x69,0x6c,0x6c,0x3d,0x22,0x72,0x67,0x62,
  0x28,0x32,0x35,0x35,0x2c,0x20,0x32,0x35,0x35,0x2c,0x20,0x32,0x35,0x35,0x29,0x22,
  0x20,0x64,0x3d,0x22,0x4d,0x36,0x20,0x31,0x38,0x6c,0x38,0x2e,0x35,0x2d,0x36,0x4c,
  0x36,0x20,0x36,0x76,0x31,0x32,0x7a,0x4d,0x31,0x36,0x20,0x36,0x76,0x31,0x32,0x68,
  0x32,0x56,0x36,0x68,0x2d,0x32,0x7a,0x22,0x2f,0x3e,0xa,0x3c,0x2f,0x73,0x76,0x67,
  0x3e,0xa,
    // /media/yasso/yasso2/Embedded Systems/grad project/qt/InfotainmentQt-draft2/media/video_icon.png
  0x0,0x0,0x48,0x3e,
  0x89,
  0x50,0x4e,0x47,0xd,0xa,0x1a,0xa,0x0,0x0,0x0,0xd,0x49,0x48,0x44,0x52,0x0,
  0x0,0x2,0x0,0x0,0x0,0x2,0x0,0x8,0x6,0x0,0x0,0x0,0xf4,0x78,0xd4,0xfa,
  0x0,0x0,0x0,0x88,0x7a,0x54,0x58,0x74,0x52,0x61,0x77,0x20,0x70,0x72,0x6f,0x66,
  0x69,0x6c,0x65,0x20,0x74,0x79,0x70,0x65,0x20,0x65,0x78,0x69,0x66,0x0,0x0,0x78,
  0xda,0x75,0x8e,0xcb,0xd,0xc4,0x30,0x8,0x44,0xef,0x54,0xb1,0x25,0x8c,0x1,0xf3,
  0x29,0x27,0x8a,0x62,0x29,0x1d,0x6c,0xf9,0x8b,0xe5,0x44,0xd9,0x4b,0xde,0x1,0x46,
  0x23,0x18,0xa0,0xe3,0x7b,0xe,0xfa,0x4c,0x1a,0x98,0xb4,0x7b,0x58,0x9a,0xa1,0xd0,
  0xd4,0xe4,0xad,0x44,0x60,0x21,0x40,0x63,0xb4,0xd9,0xab,0x2e,0xae,0x2e,0xad,0x14,
  0x3f,0x36,0x9,0x2f,0x61,0x19,0xe,0x7d,0x6,0xf5,0xf2,0x6f,0xba,0x58,0xd8,0x70,
  0x75,0xb7,0x6e,0xbb,0xed,0x5c,0xe9,0x7c,0x8,0x4b,0x54,0xad,0x3d,0x9a,0xa9,0x98,
  0x6f,0xe4,0xdf,0x55,0x60,0xc5,0xc8,0x8b,0x7f,0x7f,0xf1,0x3,0x41,0xd0,0x2c,0x19,
  0x6e,0xfc,0xc0,0x4e,0x0,0x0,0xa,0x6,0x69,0x54,0x58,0x74,0x58,0x4d,0x4c,0x3a,
  0x63,0x6f,0x6d,0x2e,0x61,0x64,0x6f,0x62,0x65,0x2e,0x78,0x6d,0x70,0x0,0x0,0x0,
  0x0,0x0,0x3c,0x3f,0x78,0x70,0x61,0x63,0x6b,0x65,0x74,0x20,0x62,0x65,0x67,0x69,
  0x6e,0x3d,0x22,0xef,0xbb,0xbf,0x22,0x20,0x69,0x64,0x3d,0x22,0x57,0x35,0x4d,0x30,
  0x4d,0x70,0x43,0x65,0x68,0x69,0x48,0x7a,0x72,0x65,0x53,0x7a,0x4e,0x54,0x63,0x7a,
  0x6b,0x63,0x39,0x64,0x22,0x3f,0x3e,0xa,0x3c,0x78,0x3a,0x78,0x6d,0x70,0x6d,0x65,
  0x74,0x61,0x20,0x78,0x6d,0x6c,0x6e,0x73,0x3a,0x78,0x3d,0x22,0x61,0x64,0x6f,0x62,
  0x65,0x3a,0x6e,0x73,0x3a,0x6d,0x65,0x74,0x61,0x2f,0x22,0x20,0x78,0x3a,0x78,0x6d,
  0x70,0x74,0x6b,0x3d,0x22,0x58,0x4d,0x50,0x20,0x43,0x6f,0x72,0x65,0x20,0x34,0x2e,
  0x34,0x2e,0x30,0x2d,0x45,0x78,0x69,0x76,0x32,0x22,0x3e,0xa,0x20,0x3c,0x72,0x64,
  0x66,0x3a,0x52,0x44,0x46,0x20,0x78,0x6d,0x6c,0x6e,0x73,0x3a,0x72,0x64,0x66,0x3d,
  0x22,0x68,0x74,0x74,0x70,0x3a,0x2f,0x2f,0x77,0x77,0x77,0x2e,0x77,0x33,0x2e,0x6f,
  0x72,0x67,0x2f,0x31,0x39,0x39,0x39,0x2f,0x30,0x32,0x2f,0x32,0x32,0x2d,0x72,0x64,
  0x66,0x2d,0x73,0x79,0x6e,0x74,0x61,0x78,0x2d,0x6e,0x73,0x23,0x22,0x3e,0xa,0x20,
  0x20,0x3c,0x72,0x64,0x66,0x3a,0x44,0x65,0x73,0x63,0x72,0x69,0x70,0x74,0x69,0x6f,
  0x6e,0x20,0x72,0x64,0x66,0x3a,0x61,0x62,0x6f,0x75,0x74,0x3d,0x22,0x22,0xa,0x20,
  0x20,0x20,0x20,0x78,0x6d,0x6c,0x6e,0x73,0x3a,0x65,0x78,0x69,0x66,0x3d,0x22,0x68,
  0x74,0x74,0x70,0x3a,0x2f,0x2f,0x6e,0x73,0x2e,0x61,0x64,0x6f,0x62,0x65,0x2e,0x63,
  0x6f,0x6d,0x2f,0x65,0x78,0x69,0x66,0x2f,0x31,0x2e,0x30,0x2f,0x22,0xa,0x20,0x20,
  0x20,0x20,0x78,0x6d,0x6c,0x6e,0x73,0x3a,0x74,0x69,0x66,0x66,0x3d,0x22,0x68,0x74,
  0x74,0x70,0x3a,0x2f,0x2f,0x6e,0x73,0x2e,0x61,0x64,0x6f,0x62,0x65,0x2e,0x63,0x6f,
  0x6d,0x2f,0x74,0x69,0x66,0x66,0x2f,0x31,0x2e,0x30,0x2f,0x22,0xa,0x20,0x20,0x20,
  0x65,0x78,0x69,0x66,0x3a,0x50,0x69,0x78,0x65,0x6c,0x58,0x44,0x69,0x6d,0x65,0x6e,
  0x73,0x69,0x6f,0x6e,0x3d,0x22,0x35,0x31,0x32,0x22,0xa,0x20,0x20,0x20,0x65,0x78,
  0x69,0x66,0x3a,0x50,0x69,0x78,0x65,0x6c,0x59,0x44,0x69,0x6d,0x65,0x6e,0x73,0x69,
  0x6f,0x6e,0x3d,0x22,0x35,0x31,0x32,0x22,0xa,0x20,0x20,0x20,0x74,0x69,0x66,0x66,
  0x3a,0x49,0x6d,0x61,0x67,0x65,0x57,0x69,0x64,0x74,0x68,0x3d,0x22,0x35,0x31,0x32,
  0x22,0xa,0x20,0x20,0x20,0x74,0x69,0x66,0x66,0x3a,0x49,0x6d,0x61,0x67,0x65,0x48,
  0x65,0x69,0x67,0x68,0x74,0x3d,0x22,0x35,0x31,0x32,0x22,0xa,0x20,0x20,0x20,0x74,
  0x69,0x66,0x66,0x3a,0x4f,0x72,0x69,0x65,0x6e,0x74,0x61,0x74,0x69,0x6f,0x6e,0x3d,
  0x22,0x31,0x22,0x2f,0x3e,0xa,0x20,0x3c,0x2f,0x72,0x64,0x66,0x3a,0x52,0x44,0x46,
  0x3e,0xa,0x3c,0x2f,0x78,0x3a,0x78,0x6d,0x70,0x6d,0x65,0x74,0x61,0x3e,0xa,0x20,
  0x20,0x20,0x20,0x20,0x20,0x20,0x20,0x20,0x20,0x20,0x20,0x20,0x20,0x20,0x20,0x20,
  0x20,0x20,0x20,0x20,0x20,0x20,0x20,0x20,0x20,0x20,0x20,0x20,0x20,0x20,0x20,0x20,
  0x20,0x20,0x20,0x20,0x20,0x20,0x20,0x20,0x20,0x20,0x20,0x20,0x20,0x20,0x20,0x20,
  0x20,0x20,0x20,0x20,0x20,0x20,0x20,0x20,0x20,0x20,0x20,0x20,0x20,0x20,0x20,0x20,
  0x20,0x20,0x20,0x20,0x20,0x20,0x20,0x20,0x20,0x20,0x20,0x20,0x20,0x20,0x20,0x20,
  0x20,0x20,0x20,0x20,0x20,0x20,0x20,0x20,0x20,0x20,0x20,0x20,0x20,0x20,0x20,0x20,
  0x20,0x20,0x20,0xa,0x20,0x20,0x20,0x20,0x20,0x20,0x20,0x20,0x20,0x20,0x20,0x20,
  0x20,0x20,0x20,0x20,0x20,0x20,0x20,0x20,0x20,0x20,0x20,0x20,0x20,0x20,0x20,0x20,
  0x20,0x20,0x20,0x20,0x20,0x20,0x20,0x20,0x20,0x20,0x20,0x20,0x20,0x20,0x20,0x20,
  0x20,0x20,0x20,0x20,0x20,0x20,0x20,0x20,0x20,0x20,0x20,0x20,0x20,0x20,0x20,0x20,
  0x20,0x20,0x20,0x20,0x20,0x20,0x20,0x20,0x20,0x20,0x20,0x20,0x20,0x20,0x20,0x20,
  0x20,0x20,0x20,0x20,0x20,0x20,0x20,0x20,0x20,0x20,0x20,0x20,0x20,0x20,0x20,0x20,
  0x20,0x20,0x20,0x20,0x20,0x20,0x20,0x20,0xa,0x20,0x20,0x20,0x20,0x20,0x20,0x20,
  0x20,0x20,0x20,0x20,0x20,0x20,0x20,0x20,0x20,0x20,0x20,0x20,0x20,0x20,0x20,0x20,
  0x20,0x20,0x20,0x20,0x20,0x20,0x20,0x20,0x20,0x20,0x20,0x20,0x20,0x20,0x20,0x20,
  0x20,0x20,0x20,0x20,0x20,0x20,0x20,0x20,0x20,0x20,0x20,0x20,0x20,0x20,0x20,0x20,
  0x20,0x20,0x20,0x20,0x20,0x20,0x20,0x20,0x20,0x20,0x20,0x20,0x20,0x20,0x20,0x20,
  0x20,0x20,0x20,0x20,0x20,0x20,0x20,0x20,0x20,0x20,0x20,0x20,0x20,0x20,0x20,0x20,
  0x20,0x20,0x20,0x20,0x20,0x20,0x20,0x20,0x20,0x20,0x20,0x20,0x20,0xa,0x20,0x20,
  0x20,0x20,0x20,0x20,0x20,0x20,0x20,0x20,0x20,0x20,0x20,0x20,0x20,0x20,0x20,0x20,
  0x20,0x20,0x20,0x20,0x20,0x20,0x20,0x20,0x20,0x20,0x20,0x20,0x20,0x20,0x20,0x20,
  0x20,0x20,0x20,0x20,0x20,0x20,0x20,0x20,0x20,0x20,0x20,0x20,0x20,0x20,0x20,0x20,
  0x20,0x20,0x20,0x20,0x20,0x20,0x20,0x20,0x20,0x20,0x20,0x20,0x20,0x20,0x20,0x20,
  0x20,0x20,0x20,0x20,0x20,0x20,0x20,0x20,0x20,0x20,0x20,0x20,0x20,0x20,0x20,0x20,
  0x20,0x20,0x20,0x20,0x20,0x20,0x20,0x20,0x20,0x20,0x20,0x20,0x20,0x20,0x20,0x20,
  0x20,0x20,0xa,0x20,0x20,0x20,0x20,0x20,0x20,0x20,0x20,0x20,0x20,0x20,0x20,0x20,
  0x20,0x20,0x20,0x20,0x20,0x20,0x20,0x20,0x20,0x20,0x20,0x20,0x20,0x20,0x20,0x20,
  0x20,0x20,0x20,0x20,0x20,0x20,0x20,0x20,0x20,0x20,0x20,0x20,0x20,0x20,0x20,0x20,
  0x20,0x20,0x20,0x20,0x20,0x20,0x20,0x20,0x20,0x20,0x20,0x20,0x20,0x20,0x20,0x20,
  0x20,0x20,0x20,0x20,0x20,0x20,0x20,0x20,0x20,0x20,0x20,0x20,0x20,0x20,0x20,0x20,
  0x20,0x20,0x20,0x20,0x20,0x20,0x20,0x20,0x20,0x20,0x20,0x20,0x20,0x20,0x20,0x20,
  0x20,0x20,0x20,0x20,0x20,0x20,0x20,0xa,0x20,0x20,0x20,0x20,0x20,0x20,0x20,0x20,
  0x20,0x20,0x20,0x20,0x20,0x20,0x20,0x20,0x20,0x20,0x20,0x20,0x20,0x20,0x20,0x20,
  0x20,0x20,0x20,0x20,0x20,0x20,0x20,0x20,0x20,0x20,0x20,0x20,0x20,0x20,0x20,0x20,
  0x20,0x20,0x20,0x20,0x20,0x20,0x20,0x20,0x20,0x20,0x20,0x20,0x20,0x20,0x20,0x20,
  0x20,0x20,0x20,0x20,0x20,0x20,0x20,0x20,0x20,0x20,0x20,0x20,0x20,0x20,0x20,0x20,
  0x20,0x20,0x20,0x20,0x20,0x20,0x20,0x20,0x20,0x20,0x20,0x20,0x20,0x20,0x20,0x20,
  0x20,0x20,0x20,0x20,0x20,0x20,0x20,0x20,0x20,0x20,0x20,0x20,0xa,0x20,0x20,0x20,
  0x20,0x20,0x20,0x20,0x20,0x20,0x20,0x20,0x20,0x20,0x20,0x20,0x20,0x20,0x20,0x20,
  0x20,0x20,0x20,0x20,0x20,0x20,0x20,0x20,0x20,0x20,0x20,0x20,0x20,0x20,0x20,0x20,
  0x20,0x20,0x20,0x20,0x20,0x20,0x20,0x20,0x20,0x20,0x20,0x20,0x20,0x20,0x20,0x20,
  0x20,0x20,0x20,0x20,0x20,0x20,0x20,0x20,0x20,0x20,0x20,0x20,0x20,0x20,0x20,0x20,
  0x20,0x20,0x20,0x20,0x20,0x20,0x20,0x20,0x20,0x20,0x20,0x20,0x20,0x20,0x20,0x20,
  0x20,0x20,0x20,0x20,0x20,0x20,0x20,0x20,0x20,0x20,0x20,0x20,0x20,0x20,0x20,0x20,
  0x20,0xa,0x20,0x20,0x20,0x20,0x20,0x20,0x20,0x20,0x20,0x20,0x20,0x20,0x20,0x20,
  0x20,0x20,0x20,0x20,0x20,0x20,0x20,0x20,0x20,0x20,0x20,0x20,0x20,0x20,0x20,0x20,
  0x20,0x20,0x20,0x20,0x20,0x20,0x20,0x20,0x20,0x20,0x20,0x20,0x20,0x20,0x20,0x20,
  0x20,0x20,0x20,0x20,0x20,0x20,0x20,0x20,0x20,0x20,0x20,0x20,0x20,0x20,0x20,0x20,
  0x20,0x20,0x20,0x20,0x20,0x20,0x20,0x20,0x20,0x20,0x20,0x20,0x20,0x20,0x20,0x20,
  0x20,0x20,0x20,0x20,0x20,0x20,0x20,0x20,0x20,0x20,0x20,0x20,0x20,0x20,0x20,0x20,
  0x20,0x20,0x20,0x20,0x20,0x20,0xa,0x20,0x20,0x20,0x20,0x20,0x20,0x20,0x20,0x20,
  0x20,0x20,0x20,0x20,0x20,0x20,0x20,0x20,0x20,0x20,0x20,0x20,0x20,0x20,0x20,0x20,
  0x20,0x20,0x20,0x20,0x20,0x20,0x20,0x20,0x20,0x20,0x20,0x20,0x20,0x20,0x20,0x20,
  0x20,0x20,0x20,0x20,0x20,0x20,0x20,0x20,0x20,0x20,0x20,0x20,0x20,0x20,0x20,0x20,
  0x20,0x20,0x20,0x20,0x20,0x20,0x20,0x20,0x20,0x20,0x20,0x20,0x20,0x20,0x20,0x20,
  0x20,0x20,0x20,0x20,0x20,0x20,0x20,0x20,0x20,0x20,0x20,0x20,0x20,0x20,0x20,0x20,
  0x20,0x20,0x20,0x20,0x20,0x20,0x20,0x20,0x20,0x20,0x20,0xa,0x20,0x20,0x20,0x20,
  0x20,0x20,0x20,0x20,0x20,0x20,0x20,0x20,0x20,0x20,0x20,0x20,0x20,0x20,0x20,0x20,
  0x20,0x20,0x20,0x20,0x20,0x20,0x20,0x20,0x20,0x20,0x20,0x20,0x20,0x20,0x20,0x20,
  0x20,0x20,0x20,0x20,0x20,0x20,0x20,0x20,0x20,0x20,0x20,0x20,0x20,0x20,0x20,0x20,
  0x20,0x20,0x20,0x20,0x20,0x20,0x20,0x20,0x20,0x20,0x20,0x20,0x20,0x20,0x20,0x20,
  0x20,0x20,0x20,0x20,0x20,0x20,0x20,0x20,0x20,0x20,0x20,0x20,0x20,0x20,0x20,0x20,
  0x20,0x20,0x20,0x20,0x20,0x20,0x20,0x20,0x20,0x20,0x20,0x20,0x20,0x20,0x20,0x20,
  0xa,0x20,0x20,0x20,0x20,0x20,0x20,0x20,0x20,0x20,0x20,0x20,0x20,0x20,0x20,0x20,
  0x20,0x20,0x20,0x20,0x20,0x20,0x20,0x20,0x20,0x20,0x20,0x20,0x20,0x20,0x20,0x20,
  0x20,0x20,0x20,0x20,0x20,0x20,0x20,0x20,0x20,0x20,0x20,0x20,0x20,0x20,0x20,0x20,
  0x20,0x20,0x20,0x20,0x20,0x20,0x20,0x20,0x20,0x20,0x20,0x20,0x20,0x20,0x20,0x20,
  0x20,0x20,0x20,0x20,0x20,0x20,0x20,0x20,0x20,0x20,0x20,0x20,0x20,0x20,0x20,0x20,
  0x20,0x20,0x20,0x20,0x20,0x20,0x20,0x20,0x20,0x20,0x20,0x20,0x20,0x20,0x20,0x20,
  0x20,0x20,0x20,0x20,0x20,0xa,0x20,0x20,0x20,0x20,0x20,0x20,0x20,0x20,0x20,0x20,
  0x20,0x20,0x20,0x20,0x20,0x20,0x20,0x20,0x20,0x20,0x20,0x20,0x20,0x20,0x20,0x20,
  0x20,0x20,0x20,0x20,0x20,0x20,0x20,0x20,0x20,0x20,0x20,0x20,0x20,0x20,0x20,0x20,
  0x20,0x20,0x20,0x20,0x20,0x20,0x20,0x20,0x20,0x20,0x20,0x20,0x20,0x20,0x20,0x20,
  0x20,0x20,0x20,0x20,0x20,0x20,0x20,0x20,0x20,0x20,0x20,0x20,0x20,0x20,0x20,0x20,
  0x20,0x20,0x20,0x20,0x20,0x20,0x20,0x20,0x20,0x20,0x20,0x20,0x20,0x20,0x20,0x20,
  0x20,0x20,0x20,0x20,0x20,0x20,0x20,0x20,0x20,0x20,0xa,0x20,0x20,0x20,0x20,0x20,
  0x20,0x20,0x20,0x20,0x20,0x20,0x20,0x20,0x20,0x20,0x20,0x20,0x20,0x20,0x20,0x20,
  0x20,0x20,0x20,0x20,0x20,0x20,0x20,0x20,0x20,0x20,0x20,0x20,0x20,0x20,0x20,0x20,
  0x20,0x20,0x20,0x20,0x20,0x20,0x20,0x20,0x20,0x20,0x20,0x20,0x20,0x20,0x20,0x20,
  0x20,0x20,0x20,0x20,0x20,0x20,0x20,0x20,0x20,0x20,0x20,0x20,0x20,0x20,0x20,0x20,
  0x20,0x20,0x20,0x20,0x20,0x20,0x20,0x20,0x20,0x20,0x20,0x20,0x20,0x20,0x20,0x20,
  0x20,0x20,0x20,0x20,0x20,0x20,0x20,0x20,0x20,0x20,0x20,0x20,0x20,0x20,0x20,0xa,
  0x20,0x20,0x20,0x20,0x20,0x20,0x20,0x20,0x20,0x20,0x20,0x20,0x20,0x20,0x20,0x20,
  0x20,0x20,0x20,0x20,0x20,0x20,0x20,0x20,0x20,0x20,0x20,0x20,0x20,0x20,0x20,0x20,
  0x20,0x20,0x20,0x20,0x20,0x20,0x20,0x20,0x20,0x20,0x20,0x20,0x20,0x20,0x20,0x20,
  0x20,0x20,0x20,0x20,0x20,0x20,0x20,0x20,0x20,0x20,0x20,0x20,0x20,0x20,0x20,0x20,
  0x20,0x20,0x20,0x20,0x20,0x20,0x20,0x20,0x20,0x20,0x20,0x20,0x20,0x20,0x20,0x20,
  0x20,0x20,0x20,0x20,0x20,0x20,0x20,0x20,0x20,0x20,0x20,0x20,0x20,0x20,0x20,0x20,
  0x20,0x20,0x20,0x20,0xa,0x20,0x20,0x20,0x20,0x20,0x20,0x20,0x20,0x20,0x20,0x20,
  0x20,0x20,0x20,0x20,0x20,0x20,0x20,0x20,0x20,0x20,0x20,0x20,0x20,0x20,0x20,0x20,
  0x20,0x20,0x20,0x20,0x20,0x20,0x20,0x20,0x20,0x20,0x20,0x20,0x20,0x20,0x20,0x20,
  0x20,0x20,0x20,0x20,0x20,0x20,0x20,0x20,0x20,0x20,0x20,0x20,0x20,0x20,0x20,0x20,
  0x20,0x20,0x20,0x20,0x20,0x20,0x20,0x20,0x20,0x20,0x20,0x20,0x20,0x20,0x20,0x20,
  0x20,0x20,0x20,0x20,0x20,0x20,0x20,0x20,0x20,0x20,0x20,0x20,0x20,0x20,0x20,0x20,
  0x20,0x20,0x20,0x20,0x20,0x20,0x20,0x20,0x20,0xa,0x20,0x20,0x20,0x20,0x20,0x20,
  0x20,0x20,0x20,0x20,0x20,0x20,0x20,0x20,0x20,0x20,0x20,0x20,0x20,0x20,0x20,0x20,
  0x20,0x20,0x20,0x20,0x20,0x20,0x20,0x20,0x20,0x20,0x20,0x20,0x20,0x20,0x20,0x20,
  0x20,0x20,0x20,0x20,0x20,0x20,0x20,0x20,0x20,0x20,0x20,0x20,0x20,0x20,0x20,0x20,
  0x20,0x20,0x20,0x20,0x20,0x20,0x20,0x20,0x20,0x20,0x20,0x20,0x20,0x20,0x20,0x20,
  0x20,0x20,0x20,0x20,0x20,0x20,0x20,0x20,0x20,0x20,0x20,0x20,0x20,0x20,0x20,0x20,
  0x20,0x20,0x20,0x20,0x20,0x20,0x20,0x20,0x20,0x20,0x20,0x20,0x20,0x20,0xa,0x20,
  0x20,0x20,0x20,0x20,0x20,0x20,0x20,0x20,0x20,0x20,0x20,0x20,0x20,0x20,0x20,0x20,
  0x20,0x20,0x20,0x20,0x20,0x20,0x20,0x20,0x20,0x20,0x20,0x20,0x20,0x20,0x20,0x20,
  0x20,0x20,0x20,0x20,0x20,0x20,0x20,0x20,0x20,0x20,0x20,0x20,0x20,0x20,0x20,0x20,
  0x20,0x20,0x20,0x20,0x20,0x20,0x20,0x20,0x20,0x20,0x20,0x20,0x20,0x20,0x20,0x20,
  0x20,0x20,0x20,0x20,0x20,0x20,0x20,0x20,0x20,0x20,0x20,0x20,0x20,0x20,0x20,0x20,
  0x20,0x20,0x20,0x20,0x20,0x20,0x20,0x20,0x20,0x20,0x20,0x20,0x20,0x20,0x20,0x20,
  0x20,0x20,0x20,0xa,0x20,0x20,0x20,0x20,0x20,0x20,0x20,0x20,0x20,0x20,0x20,0x20,
  0x20,0x20,0x20,0x20,0x20,0x20,0x20,0x20,0x20,0x20,0x20,0x20,0x20,0x20,0x20,0x20,
  0x20,0x20,0x20,0x20,0x20,0x20,0x20,0x20,0x20,0x20,0x20,0x20,0x20,0x20,0x20,0x20,
  0x20,0x20,0x20,0x20,0x20,0x20,0x20,0x20,0x20,0x20,0x20,0x20,0x20,0x20,0x20,0x20,
  0x20,0x20,0x20,0x20,0x20,0x20,0x20,0x20,0x20,0x20,0x20,0x20,0x20,0x20,0x20,0x20,
  0x20,0x20,0x20,0x20,0x20,0x20,0x20,0x20,0x20,0x20,0x20,0x20,0x20,0x20,0x20,0x20,
  0x20,0x20,0x20,0x20,0x20,0x20,0x20,0x20,0xa,0x20,0x20,0x20,0x20,0x20,0x20,0x20,
  0x20,0x20,0x20,0x20,0x20,0x20,0x20,0x20,0x20,0x20,0x20,0x20,0x20,0x20,0x20,0x20,
  0x20,0x20,0x20,0x20,0x20,0x20,0x20,0x20,0x20,0x20,0x20,0x20,0x20,0x20,0x20,0x20,
  0x20,0x20,0x20,0x20,0x20,0x20,0x20,0x20,0x20,0x20,0x20,0x20,0x20,0x20,0x20,0x20,
  0x20,0x20,0x20,0x20,0x20,0x20,0x20,0x20,0x20,0x20,0x20,0x20,0x20,0x20,0x20,0x20,
  0x20,0x20,0x20,0x20,0x20,0x20,0x20,0x20,0x20,0x20,0x20,0x20,0x20,0x20,0x20,0x20,
  0x20,0x20,0x20,0x20,0x20,0x20,0x20,0x20,0x20,0x20,0x20,0x20,0x20,0xa,0x20,0x20,
  0x20,0x20,0x20,0x20,0x20,0x20,0x20,0x20,0x20,0x20,0x20,0x20,0x20,0x20,0x20,0x20,
  0x20,0x20,0x20,0x20,0x20,0x20,0x20,0x20,0x20,0x20,0x20,0x20,0x20,0x20,0x20,0x20,
  0x20,0x20,0x20,0x20,0x20,0x20,0x20,0x20,0x20,0x20,0x20,0x20,0x20,0x20,0x20,0x20,
  0x20,0x20,0x20,0x20,0x20,0x20,0x20,0x20,0x20,0x20,0x20,0x20,0x20,0x20,0x20,0x20,
  0x20,0x20,0x20,0x20,0x20,0x20,0x20,0x20,0x20,0x20,0x20,0x20,0x20,0x20,0x20,0x20,
  0x20,0x20,0x20,0x20,0x20,0x20,0x20,0x20,0x20,0x20,0x20,0x20,0x20,0x20,0x20,0x20,
  0x20,0x20,0xa,0x20,0x20,0x20,0x20,0x20,0x20,0x20,0x20,0x20,0x20,0x20,0x20,0x20,
  0x20,0x20,0x20,0x20,0x20,0x20,0x20,0x20,0x20,0x20,0x20,0x20,0x20,0x20,0xa,0x3c,
  0x3f,0x78,0x70,0x61,0x63,0x6b,0x65,0x74,0x20,0x65,0x6e,0x64,0x3d,0x22,0x77,0x22,
  0x3f,0x3e,0x5c,0x49,0xb4,0x7c,0x0,0x0,0x0,0x4,0x73,0x42,0x49,0x54,0x8,0x8,
  0x8,0x8,0x7c,0x8,0x64,0x88,0x0,0x0,0x20,0x0,0x49,0x44,0x41,0x54,0x78,0xda,
  0xed,0x9d,0x79,0xb8,0x2d,0x57,0x59,0xa7,0xdf,0x3d,0xe4,0xc,0x37,0x17,0x2,0x49,
  0x0,0xc3,0x60,0x90,0xc1,0x24,0x8,0x49,0x20,0x21,0xc1,0x10,0x2,0xa8,0xcc,0x36,
  0x81,0x80,0x36,0xa0,0x6d,0x8b,0xa8,0x28,0x73,0x3,0x2a,0xdd,0x2,0xe,0xc,0x2d,
  0xb3,0xd2,0x80,0x41,0x99,0xa4,0x85,0x88,0xa0,0x61,0x50,0x10,0x84,0x30,0x6,0x91,
  0x10,0x8,0x4d,0x4c,0x88,0x80,0x32,0x85,0x30,0x24,0x24,0x81,0x70,0xcf,0x39,0xf7,
  0x9e,0xbd,0xab,0xff,0xa8,0xaa,0x7b,0xeb,0xd4,0x59,0x7b,0x3c,0xfb,0xec,0x5a,0xb5,
  0xeb,0x7d,0x9f,0xe7,0x3e,0x27,0x27,0x77,0xed,0xdf,0xbe,0xf5,0xd5,0x5a,0xeb,0xf7,
  0xad,0x55,0xab,0xd6,0x6a,0x25,0x49,0x82,0x88,0x88,0x88,0x34,0x8b,0xee,0xc,0x34,
  0x5a,0xd9,0x9f,0x9c,0x24,0xfb,0xa3,0x9e,0x7a,0xea,0xa9,0xa7,0x9e,0x7a,0xea,0x45,
  0xaa,0xb7,0xd3,0x4,0xa0,0x13,0xf8,0x7f,0x7d,0xf5,0xd4,0x53,0x4f,0x3d,0xf5,0xd4,
  0x53,0x2f,0x6e,0xbd,0x69,0x13,0x80,0x56,0xf6,0xe5,0xe5,0xcc,0xa3,0xa7,0x9e,0x7a,
  0xea,0xa9,0xa7,0x9e,0x7a,0xea,0xc5,0xaf,0xd7,0x9d,0xf2,0xcb,0xbb,0x3,0xbe,0x3c,
  0x51,0x4f,0x3d,0xf5,0xd4,0x53,0x4f,0x3d,0xf5,0xe2,0xd7,0xeb,0x4e,0xf1,0xe5,0x4b,
  0x81,0x2f,0x3f,0xb0,0x83,0x8b,0x51,0x4f,0x3d,0xf5,0xd4,0x53,0x4f,0x3d,0xf5,0xe6,
  0xab,0x37,0x51,0x2,0xd0,0x2,0x96,0x3,0x5f,0xbe,0x7f,0x7,0x17,0xa3,0x9e,0x7a,
  0xea,0xa9,0xa7,0x9e,0x7a,0xea,0xcd,0x57,0xf,0xa0,0x35,0x6e,0x2,0xd0,0x6,0x56,
  0x2,0x5f,0xbe,0x31,0xe5,0x97,0xab,0xa7,0x9e,0x7a,0xea,0xa9,0xa7,0x9e,0x7a,0xf3,
  0xd7,0x6b,0x65,0x9a,0x49,0x77,0xcc,0x2f,0x5f,0xd,0x7c,0xf9,0x3a,0xd3,0xad,0x60,
  0x54,0x4f,0x3d,0xf5,0xd4,0x53,0x4f,0x3d,0xf5,0xe6,0xaf,0x97,0x2f,0x20,0x4c,0x60,
  0xf4,0x23,0x80,0xfc,0xcb,0x8b,0xaf,0x1b,0xf4,0x81,0xb5,0x1d,0x5c,0xcc,0x9e,0xec,
  0xa7,0x7a,0xea,0xa9,0xa7,0x9e,0x7a,0xea,0xa9,0x37,0x1f,0xbd,0x56,0xc1,0xf3,0x47,
  0x26,0x0,0xad,0xd2,0xb4,0x43,0x2b,0xfb,0xd0,0xbe,0x1d,0x5c,0xcc,0xde,0x40,0x26,
  0xa3,0x9e,0x7a,0xea,0xa9,0xa7,0x9e,0x7a,0xea,0xed,0x9e,0x5e,0xbe,0x80,0xb0,0xb8,
  0x51,0xd0,0xc0,0x47,0x0,0x83,0x16,0x1c,0xdc,0x30,0xe3,0x8b,0x51,0x4f,0x3d,0xf5,
  0xd4,0x53,0x4f,0x3d,0xf5,0x76,0x57,0x6f,0xa9,0x38,0xf2,0x1f,0x96,0x0,0x84,0x5e,
  0x35,0xe8,0xef,0x42,0x26,0xe3,0xcd,0x53,0x4f,0x3d,0xf5,0xd4,0x53,0x4f,0xbd,0xdd,
  0xd5,0x5b,0x29,0x8f,0xfc,0xc9,0x36,0xd,0xea,0x6,0xcc,0x3f,0xb4,0xc9,0xc0,0x9a,
  0xc1,0x56,0x4f,0x3d,0xf5,0xd4,0x53,0x4f,0xbd,0x5a,0xe9,0xad,0x96,0x46,0xfe,0x5b,
  0x76,0xc,0x2c,0x27,0x0,0xa1,0xed,0x5,0xd7,0xd,0xb6,0x7a,0xea,0xa9,0xa7,0x9e,
  0x7a,0xea,0xd5,0x4a,0x6f,0x4f,0xc0,0xfc,0x37,0xb,0xbf,0x6f,0x49,0x0,0x42,0xe6,
  0xbf,0x61,0xb0,0xd5,0x53,0x4f,0x3d,0xf5,0xd4,0x53,0xaf,0x76,0x7a,0x14,0x3e,0x1f,
  0xdc,0x34,0x28,0x4f,0x0,0x5a,0x25,0x81,0x9d,0xec,0x30,0xe4,0xcd,0x53,0x4f,0x3d,
  0xf5,0xd4,0x53,0x4f,0xbd,0x6a,0xf5,0x92,0xd2,0x60,0x7e,0x9b,0x9f,0x87,0x12,0x80,
  0x9d,0xec,0x2d,0xec,0xcd,0x53,0x4f,0x3d,0xf5,0xd4,0x53,0x4f,0xbd,0x78,0xf4,0xd6,
  0x7,0xf9,0x79,0x37,0x30,0xf2,0x9f,0xf6,0x94,0x22,0x83,0xad,0x9e,0x7a,0xea,0xa9,
  0xa7,0x9e,0x7a,0x71,0xe8,0x8d,0xdc,0x34,0xa8,0x5d,0xfa,0x5d,0xf3,0x57,0x4f,0x3d,
  0xf5,0xd4,0x53,0x4f,0xbd,0xfa,0xeb,0x8d,0x7c,0x75,0xbf,0xb8,0x2d,0xe0,0x34,0x5f,
  0x6c,0xb0,0xd5,0x53,0x4f,0x3d,0xf5,0xd4,0x53,0xaf,0x86,0x7a,0xed,0xc2,0x7,0x34,
  0x7f,0xf5,0xd4,0x53,0x4f,0x3d,0xf5,0xd4,0x6b,0x88,0x5e,0x9b,0xe9,0x31,0xd8,0xea,
  0xa9,0xa7,0x9e,0x7a,0xea,0xa9,0x57,0x53,0xbd,0x69,0x13,0x0,0x83,0xad,0x9e,0x7a,
  0xea,0xa9,0xa7,0x9e,0x7a,0x35,0xd6,0x6b,0x1b,0x1c,0xf5,0xd4,0x53,0x4f,0x3d,0xf5,
  0xd4,0x6b,0x9e,0x5e,0xdb,0xe0,0xa8,0xa7,0x9e,0x7a,0xea,0xa9,0xa7,0x5e,0xe3,0xf4,
  0x26,0x4a,0x0,0xc,0xb6,0x7a,0xea,0xa9,0xa7,0x9e,0x7a,0xea,0x2d,0x80,0xf9,0x3,
  0xad,0xae,0xc1,0x51,0x4f,0x3d,0xf5,0xd4,0x53,0x4f,0xbd,0xc6,0xe8,0xb5,0x32,0xcd,
  0xa4,0x3d,0xe6,0x97,0xef,0x31,0xd8,0xea,0xa9,0xa7,0x9e,0x7a,0xea,0xa9,0x57,0x7b,
  0xf3,0xef,0x14,0xc5,0x47,0x7d,0xf9,0x6a,0xa9,0x9c,0xc1,0x56,0x4f,0x3d,0xf5,0xd4,
  0x53,0x4f,0xbd,0xfa,0x99,0x7f,0xb7,0xa8,0xd7,0x1e,0x51,0x78,0xc5,0x60,0xab,0xa7,
  0x9e,0x7a,0xea,0xa9,0xa7,0x5e,0xed,0xcd,0x7f,0xa9,0xac,0xd7,0x1d,0x52,0x78,0xd9,
  0x60,0xab,0xa7,0x9e,0x7a,0xea,0xa9,0xa7,0x5e,0xed,0xf5,0x96,0xa,0x3a,0x43,0x13,
  0x80,0x50,0xa6,0xd0,0x67,0x8c,0x83,0x5,0xc,0xb6,0x7a,0xea,0xa9,0xa7,0x9e,0x7a,
  0xea,0x45,0xa5,0xb7,0x92,0x69,0x24,0x5,0xbd,0x1e,0x6c,0x3f,0xe,0x78,0xdb,0x33,
  0x82,0xac,0xf0,0x9a,0xc1,0x56,0x4f,0x3d,0xf5,0xd4,0x53,0x4f,0xbd,0x5a,0xe9,0xad,
  0x96,0x46,0xfe,0x7,0xcd,0x3f,0x94,0x0,0x74,0x2,0x5f,0xbe,0x6e,0xb0,0xd5,0x53,
  0x4f,0x3d,0xf5,0xd4,0x53,0xaf,0x56,0x7a,0x7b,0x2,0xe6,0xbf,0x59,0xf8,0x7d,0x4b,
  0x2,0x10,0x32,0xff,0x8d,0x9a,0x6,0xa7,0x3,0x1c,0x1,0xdc,0x88,0xed,0xb,0x19,
  0x8b,0xc1,0x99,0xf8,0xfc,0xe4,0x11,0xc1,0x56,0x4f,0x3d,0xf5,0xd4,0x53,0xaf,0xfe,
  0x7a,0xf9,0xe0,0xf7,0x6,0xe0,0xfa,0xcc,0x38,0xeb,0x96,0x4c,0x50,0xf8,0x7c,0x2,
  0xec,0xa7,0x74,0xf2,0x6f,0x9e,0x0,0xb4,0x2,0x17,0xbf,0xad,0x70,0x84,0xe6,0x7f,
  0x2c,0x70,0xa,0x70,0x22,0x70,0x3c,0x70,0x3b,0xe0,0x36,0xc0,0xd1,0xec,0xec,0xa4,
  0x43,0x11,0x11,0x91,0xdc,0x6f,0xae,0x5,0xae,0x4,0xbe,0xa,0x7c,0xd,0xf8,0x22,
  0xf0,0x5,0xe0,0xb2,0xcc,0x2b,0x63,0x9c,0x49,0x48,0x4a,0x83,0xf9,0x6d,0x7e,0xde,
  0x4a,0x92,0x24,0xff,0x50,0xab,0x60,0x9a,0x9b,0x91,0x9a,0xff,0x8f,0x1,0xf7,0x3,
  0xee,0x5,0xdc,0x1b,0xb8,0x85,0x75,0x53,0x44,0x44,0x2a,0x62,0x1d,0xb8,0x8,0xb8,
  0x0,0xf8,0x0,0xf0,0xa9,0x9,0xbc,0x6e,0xb7,0xfd,0x32,0x7f,0xde,0x3f,0x70,0xd,
  0x5f,0x39,0x1,0x68,0x65,0x1f,0x88,0xc9,0xfc,0x6f,0xe,0x3c,0x12,0x38,0x7,0x38,
  0x35,0x30,0x5b,0x21,0x22,0x22,0x12,0x3,0x57,0x3,0xef,0x2,0xce,0x3,0x3e,0x3c,
  0xc4,0xfb,0xe6,0x31,0x53,0xde,0x63,0xc4,0x63,0x93,0x72,0x2,0xd0,0x8f,0xc8,0xfc,
  0x1f,0x8,0x3c,0x1e,0x78,0x10,0x70,0x98,0xf5,0x4a,0x44,0x44,0x6a,0xc4,0xd7,0x81,
  0x37,0x0,0x7f,0x1,0x5c,0x35,0x67,0xf3,0x1f,0x4b,0x2f,0x4f,0x0,0x5a,0x53,0x1a,
  0xff,0xac,0x2f,0xa6,0x95,0x8d,0xf6,0x7f,0x1f,0x38,0xc9,0xfa,0x23,0x22,0x22,0x35,
  0xe7,0x0,0xf0,0x56,0xe0,0x45,0xc0,0x15,0x44,0xb4,0x80,0x30,0x4f,0x0,0xa6,0x65,
  0x96,0xe6,0xff,0x40,0xe0,0x4f,0x34,0x7e,0x11,0x11,0x59,0x40,0xfa,0xc0,0x3b,0x80,
  0x17,0x92,0x2e,0x26,0xac,0xd4,0xfc,0x77,0x9a,0x0,0xcc,0xca,0xfc,0xef,0x8,0xbc,
  0x32,0x4b,0x0,0x44,0x44,0x44,0x16,0x99,0xfd,0xc0,0x6b,0xb3,0x1,0xef,0xb7,0xa9,
  0xf0,0xed,0x81,0x69,0x13,0x80,0x59,0x7c,0x79,0x17,0xf8,0x3d,0xe0,0x39,0xa4,0xe7,
  0xe,0x88,0x88,0x88,0x34,0x85,0x2b,0x81,0x27,0x3,0xe7,0x57,0x34,0xf8,0x9e,0x2a,
  0x1,0x98,0xc5,0x97,0xdf,0x11,0x78,0xb,0x70,0x77,0xeb,0x80,0x88,0x88,0x34,0x98,
  0xb7,0x2,0x4f,0x4,0xae,0x9b,0xa7,0xf9,0x4f,0x93,0x0,0xcc,0xe2,0xcb,0x1f,0x4d,
  0xba,0x2a,0x72,0xaf,0xf7,0x5d,0x44,0x44,0x84,0xaf,0x1,0x8f,0x22,0xdd,0x47,0x60,
  0x2e,0xe6,0x9f,0xb,0xce,0xcb,0xfc,0x3b,0xc0,0xcb,0xb3,0x6c,0x47,0xf3,0x17,0x11,
  0x11,0x49,0x39,0x16,0xf8,0x28,0xf0,0x5b,0xf3,0x32,0x7f,0xa0,0x35,0xee,0xc,0xc0,
  0x4e,0xbf,0xfc,0x70,0xe0,0x6d,0xc0,0x43,0xbc,0xcf,0x22,0x22,0x22,0x3,0x79,0x15,
  0xf0,0x34,0xe,0x9d,0xda,0x37,0x6b,0xf3,0xcf,0x77,0xfd,0x4d,0xc6,0x49,0x0,0xf2,
  0x83,0x14,0x3a,0x53,0x7e,0xf9,0x91,0xc0,0xfb,0x80,0xd3,0xbc,0xaf,0x22,0x22,0x22,
  0x23,0x79,0x27,0xe9,0x23,0x81,0x3,0xbb,0x60,0xfe,0x9d,0x4c,0x63,0x64,0x2,0x90,
  0x9f,0x27,0x5c,0x3c,0x29,0x70,0x92,0x2f,0x3f,0x1a,0xf8,0x10,0xe9,0x61,0x3d,0x22,
  0x22,0x22,0x32,0x1e,0x17,0x90,0xae,0x99,0xdb,0x98,0xa1,0xf9,0xe7,0x7,0x0,0xf6,
  0x81,0xa4,0x3d,0xa2,0xf0,0xca,0xe,0x32,0x8f,0x9b,0x2,0x1f,0xd4,0xfc,0x45,0x44,
  0x44,0x26,0xe6,0x67,0x80,0xbf,0xcd,0x7c,0x78,0x16,0xe6,0xbf,0x54,0xf6,0xf3,0xf6,
  0x90,0xc2,0xcb,0x3b,0x30,0xff,0x55,0xe0,0x3d,0xb8,0xab,0x9f,0x88,0x88,0xc8,0xb4,
  0xdc,0x9b,0xf4,0x3c,0x81,0x36,0x3b,0xdb,0x31,0xb0,0xec,0xe7,0x3,0x13,0x80,0x50,
  0xa6,0xd0,0x9f,0xe0,0xcb,0x5b,0xc0,0x5f,0x1,0xf7,0xf4,0xde,0x89,0x88,0x88,0xec,
  0x88,0x7,0x3,0x2f,0xd8,0x81,0xf9,0x87,0x66,0xf2,0x7b,0xf9,0x5f,0x96,0xcd,0xbb,
  0x1b,0x28,0xbc,0x6f,0x82,0x2f,0x7f,0xe,0xf0,0xb,0xde,0x33,0x11,0x11,0x91,0x99,
  0xf0,0xdb,0xa4,0x9b,0x5,0x4d,0x6a,0xfe,0xab,0x83,0xcc,0x1f,0xb6,0x6f,0x4,0xd4,
  0xcd,0x3e,0x94,0x1f,0xf,0xdc,0x2,0xd6,0x27,0x30,0xff,0x7,0x2,0xef,0xd,0x4c,
  0x35,0x88,0x88,0x88,0xc8,0xf4,0x6c,0x2,0xf7,0x1,0x2e,0x1c,0xd3,0xfc,0xf7,0x14,
  0x4c,0xbf,0x9f,0xfd,0xd9,0x4f,0xe1,0xe4,0xdf,0x62,0x2,0xd0,0x29,0x18,0x7f,0x3e,
  0x33,0xb0,0x7f,0x2,0xf3,0x3f,0x6,0xf8,0x3c,0x70,0x33,0xef,0x93,0x88,0x88,0xc8,
  0xcc,0xf9,0x6,0xe9,0xda,0xba,0x6b,0x47,0x98,0x7f,0xbe,0xd9,0x5e,0xbf,0x30,0xea,
  0xdf,0x28,0x9a,0x3f,0x5,0xa3,0xdf,0xb6,0x38,0x20,0x2b,0x3c,0xc9,0x33,0x87,0xd7,
  0x6b,0xfe,0x22,0x22,0x22,0xbb,0xc6,0x6d,0x80,0x73,0xc7,0x30,0xff,0x56,0xc0,0xcf,
  0x93,0x50,0x61,0x2,0x85,0xf7,0x87,0xa,0xf,0xe1,0xbf,0x3,0xf,0xf2,0xde,0x88,
  0x88,0x88,0xec,0x2a,0xbf,0x8,0x3c,0x62,0x2,0xf3,0x5f,0x1f,0xe4,0xe7,0xf9,0x23,
  0x80,0xe2,0x33,0xff,0xde,0x84,0xe6,0x7f,0x14,0x70,0x45,0xf6,0x53,0x44,0x44,0x44,
  0x76,0x97,0xab,0x80,0xe3,0x81,0x1f,0xc,0x31,0xff,0x1e,0x23,0x16,0xf0,0x97,0xdf,
  0x2,0x98,0xd4,0xfc,0x1,0x9e,0xa7,0xf9,0x8b,0x88,0x88,0xcc,0x8d,0x63,0x80,0x3f,
  0x18,0x31,0xf2,0x1f,0xf9,0xf6,0x5e,0x3e,0x3,0xd0,0x9a,0xc2,0xf8,0xc9,0x32,0x90,
  0x4b,0xd9,0x7a,0x4e,0x80,0x88,0x88,0x88,0xec,0x2e,0xfb,0x81,0x3b,0x3,0xdf,0x61,
  0xca,0x4d,0xfb,0xda,0x85,0xf,0x4c,0xc3,0xf3,0x34,0x7f,0x11,0x11,0x91,0xb9,0xb3,
  0x94,0x79,0xf0,0xd4,0x7,0x5,0x8d,0x7b,0x1c,0x70,0x88,0xbb,0x90,0xbe,0xf6,0xe7,
  0x3b,0xff,0x22,0x22,0x22,0xf3,0xa7,0x47,0x7a,0xd2,0xee,0x57,0x98,0xe2,0xac,0x80,
  0xee,0x94,0x5f,0xda,0x6,0x9e,0xd5,0x30,0xf3,0xef,0x3,0x9f,0xcb,0xfe,0x7c,0x2f,
  0xb,0xfc,0xa4,0x6f,0x4b,0x1c,0x4c,0xbc,0xd8,0xba,0xdd,0x72,0x8b,0x74,0x1d,0xc5,
  0x4f,0x1,0xf7,0xd8,0xc1,0x7d,0x99,0x27,0xd7,0x2,0x1f,0x23,0x5d,0x0,0xfa,0xc3,
  0x9,0xaf,0x37,0xcf,0x54,0x7,0xc5,0x6f,0x19,0x38,0x16,0x38,0x13,0xf8,0x89,0x9a,
  0xd4,0x8f,0x7f,0x3,0x3e,0x5,0x7c,0x33,0xab,0x1b,0x93,0x5c,0xef,0x28,0x8e,0x24,
  0x3d,0x54,0xeb,0xc,0xd2,0x9d,0xbd,0x62,0x67,0x1d,0xf8,0x64,0x36,0x40,0xf8,0xfe,
  0xc,0xda,0x47,0x31,0x7e,0x1d,0xe0,0x56,0xc0,0xe9,0xd9,0x20,0x24,0x76,0xfe,0x13,
  0xf8,0x4,0xf0,0x35,0xb6,0x9e,0xea,0xb6,0x93,0xf6,0x91,0x73,0x23,0xe0,0x38,0xe0,
  0x2c,0xd2,0xc3,0xd7,0xea,0x62,0x58,0x9f,0xca,0xda,0xcb,0xd5,0x85,0xeb,0xdb,0x49,
  0xfb,0xc8,0xe3,0xd7,0x21,0x3d,0x81,0xf6,0x64,0xe0,0x14,0xb6,0xaf,0x71,0x5b,0x44,
  0x3a,0xc0,0x53,0x81,0x27,0x33,0xc5,0x59,0x1,0xd3,0xcc,0x0,0xb4,0x81,0xdb,0x2,
  0x97,0x67,0x41,0x5f,0x74,0xe,0x0,0x7f,0x1,0xbc,0x6,0xb8,0xb2,0x50,0x59,0x77,
  0x72,0x30,0xc3,0xb0,0xf3,0x9d,0x6f,0x46,0xba,0xe5,0xe3,0xef,0x70,0x68,0x27,0xa7,
  0x98,0xf8,0x32,0xf0,0x5c,0xe0,0x1d,0x59,0x6c,0x76,0x7a,0xbd,0xa3,0x38,0x3,0xf8,
  0x43,0xe0,0x7e,0x91,0xd6,0x8f,0xf3,0x48,0xf7,0xe9,0xfe,0xb7,0x19,0x5d,0xef,0xb0,
  0xf8,0x1d,0x4e,0x7a,0x3c,0xe8,0xb3,0xb2,0x8e,0x2e,0x36,0xae,0x1,0x5e,0xc,0xfc,
  0x5f,0xd2,0xe7,0x92,0xbb,0xd1,0x3e,0x8a,0x9c,0x0,0xfc,0x4f,0xe0,0x97,0x23,0x1c,
  0x8c,0xfc,0x73,0x56,0x6f,0x3f,0xb9,0xcb,0xed,0x3,0xe0,0x30,0xe0,0x91,0xc0,0x1f,
  0x3,0x77,0x88,0xb4,0x9d,0xac,0x1,0x2f,0x3,0x5e,0x4d,0xba,0x38,0x6d,0x37,0xda,
  0x47,0x51,0xef,0xc6,0x99,0x31,0x3e,0xa5,0x1,0x3e,0xb5,0x9e,0xd,0x98,0xbe,0x3b,
  0x71,0xe6,0x34,0x61,0x2,0x90,0x7,0xfb,0xe9,0x1c,0x5a,0x81,0xb8,0xc8,0x7c,0x2d,
  0xeb,0x5c,0xbe,0xb0,0xcb,0x95,0x35,0xa4,0x77,0x7,0xe0,0x7c,0xd2,0x45,0x1e,0xb1,
  0xf0,0xc6,0x2c,0x39,0x59,0xdb,0x85,0xeb,0x1d,0xc5,0x6f,0x2,0xaf,0xca,0x3a,0xbb,
  0x18,0xf8,0x1,0xf0,0x18,0xe0,0x1f,0x77,0xe9,0x7a,0x87,0xe9,0x2d,0x67,0x26,0xfb,
  0x80,0x88,0xea,0xc6,0x47,0x81,0xc7,0x91,0xce,0x8e,0xcd,0xa3,0x7d,0x14,0x79,0x0,
  0xf0,0x37,0xc0,0x4d,0x22,0x19,0x30,0x3c,0x29,0x1b,0x34,0xcc,0xb3,0x7d,0x90,0x25,
  0x88,0xe7,0x66,0x7d,0x56,0x4c,0x5c,0xe,0x3c,0x2c,0x1b,0x3c,0xcc,0xa3,0x7d,0x14,
  0xf5,0x4e,0xcc,0xfa,0xd1,0xdb,0x2d,0xb8,0x57,0xfd,0x2e,0xf0,0x92,0xdd,0x4c,0x0,
  0x8a,0xc1,0xbe,0x18,0xb8,0xfd,0x82,0x7,0xf4,0x9b,0xd9,0xa8,0xf3,0xaa,0xa,0xcc,
  0x3f,0xe7,0x26,0xc0,0xc7,0x23,0x49,0x2,0x5e,0x9d,0x75,0x6c,0xbb,0xdd,0x99,0xf,
  0xd3,0x7b,0x54,0x66,0x7c,0x55,0x4f,0xed,0xfd,0x8,0xb8,0x2f,0x70,0x51,0x5,0xe6,
  0x9f,0xeb,0x1d,0x6,0xbc,0x93,0xf4,0xa4,0xb0,0xaa,0xb9,0x20,0xbb,0x37,0x1b,0x15,
  0x98,0x7f,0xce,0x5d,0xb3,0x24,0xe4,0x46,0x15,0xc6,0xa1,0x9f,0x8d,0xc4,0xcf,0xaf,
  0xa8,0x7d,0xe4,0x7a,0x2f,0x1,0x7e,0x23,0x92,0x7e,0xf4,0x8b,0xa4,0x8f,0xf2,0xae,
  0xad,0xc0,0xfc,0x73,0x8e,0xc9,0x66,0x62,0x6e,0xbb,0xc0,0x7e,0xf5,0x45,0xd2,0x19,
  0xb1,0x89,0xfc,0xbf,0x3d,0x45,0xb0,0x4f,0x69,0x80,0xf9,0xf7,0x49,0x77,0x37,0xac,
  0xd2,0xfc,0x1,0xae,0x3,0x1e,0x4e,0x3a,0x65,0x56,0x25,0x9f,0x22,0x9d,0x4e,0xab,
  0xd2,0xfc,0xf7,0x66,0xa3,0xed,0x97,0x47,0x50,0x3f,0x9e,0x54,0xb1,0xf9,0xe7,0x23,
  0xcd,0x47,0x67,0xb3,0x54,0x55,0xf2,0x2d,0xe0,0xb1,0x15,0x9b,0x3f,0xa4,0x6b,0x73,
  0x1e,0x5f,0x71,0x2c,0xfe,0x77,0x4,0xe6,0xf,0xe9,0x23,0xa2,0x8b,0x22,0x68,0x27,
  0xeb,0x59,0xff,0x55,0xa5,0xf9,0x93,0xf5,0xe3,0x8f,0x24,0x3d,0x4c,0x67,0x51,0x39,
  0x3e,0xf3,0xe6,0xb1,0x8c,0x9f,0x74,0xed,0xc0,0x58,0x9,0x40,0x7e,0xaa,0x50,0x1e,
  0xec,0x87,0xb2,0xf8,0xbc,0x25,0x9b,0xe5,0xa8,0xd2,0xfc,0x73,0xbe,0x4c,0xfa,0xec,
  0xac,0x6a,0xc3,0xeb,0x55,0x6c,0xfe,0xb9,0xde,0x4b,0x4b,0x89,0x59,0x15,0xc9,0xd0,
  0x9b,0x2a,0x36,0xff,0x9c,0x1f,0x0,0xbf,0x57,0x71,0xdd,0xf8,0xe3,0x2c,0x51,0xad,
  0xd2,0xfc,0x73,0xce,0x23,0x5d,0x70,0x57,0x55,0x22,0xf4,0xfc,0x8,0xda,0x7,0x99,
  0xd1,0x3d,0x91,0xea,0x79,0x25,0xf0,0xef,0x15,0x9b,0x7f,0xce,0xc5,0xc0,0xeb,0x16,
  0xdc,0xb7,0x7e,0x61,0x2,0xf3,0x3f,0x18,0xcc,0x51,0xc1,0x5e,0x2d,0x95,0x7b,0x30,
  0x8b,0xcf,0xb9,0x91,0x98,0x7f,0xce,0xab,0x26,0x30,0xe0,0x59,0xf3,0xf1,0x52,0x32,
  0x54,0x75,0xe7,0xb6,0xc6,0xf0,0xc3,0x30,0x76,0x9b,0x3f,0x8b,0xc4,0xfc,0x73,0xde,
  0xc1,0xa1,0xc5,0xa9,0xf3,0xe6,0x7b,0xc0,0xdf,0x46,0x62,0xfe,0xb9,0xde,0xb9,0x15,
  0xf6,0x19,0xeb,0x11,0xb4,0x8f,0x5c,0xef,0xa2,0xac,0xed,0x56,0x45,0x3f,0xeb,0xb7,
  0x62,0x30,0xff,0x9c,0x3f,0x5d,0x70,0xdf,0x3a,0x7b,0xc,0xf3,0xef,0x16,0xe3,0xd7,
  0x1e,0x51,0x78,0xa5,0x14,0xec,0xdb,0x0,0x77,0x5c,0xf0,0x20,0x7e,0x9d,0x43,0x2b,
  0xba,0x63,0x30,0x7f,0x48,0x57,0x77,0xfe,0x6b,0x45,0xf1,0x78,0x4f,0x44,0xe6,0x9f,
  0xeb,0xbd,0xab,0xc2,0x4e,0xed,0x1f,0x23,0x32,0x7f,0xb2,0xc4,0xf0,0xbd,0x15,0xc5,
  0xe3,0x3,0xc0,0xf5,0x11,0x99,0xff,0x5e,0xe0,0x43,0x8c,0xf7,0x76,0xca,0xac,0x79,
  0x77,0x44,0xed,0x23,0xd7,0xfb,0x87,0xa,0xfb,0xd1,0x8b,0xb3,0xba,0x11,0x8b,0xf9,
  0x43,0xfa,0xca,0xf2,0x97,0x16,0xd8,0xbb,0x8e,0x27,0x7d,0x1b,0x60,0x90,0x9f,0x6f,
  0x7b,0xd5,0xb4,0x3d,0xa4,0xf0,0x72,0x20,0xd8,0xa7,0x37,0x60,0xf4,0x1f,0x9b,0xf9,
  0xe7,0x7a,0x97,0x55,0x14,0x8f,0x4b,0x22,0x33,0xff,0x7e,0x76,0x8f,0xaa,0x98,0x11,
  0xf9,0xa,0xe9,0x9e,0x7,0xb1,0x98,0xff,0x24,0xf7,0x68,0x37,0xf8,0x6c,0x64,0xe6,
  0xdf,0xca,0x66,0x88,0xfe,0x63,0xce,0x71,0xe8,0x15,0xfa,0x8d,0x58,0xcc,0x1f,0xd2,
  0x75,0x11,0x55,0x71,0x59,0x64,0xe6,0x5f,0x75,0x5b,0x99,0x17,0x3f,0x33,0x20,0x7e,
  0x65,0x3f,0x1f,0x98,0x0,0x84,0x32,0x85,0x7e,0x16,0xec,0x33,0x1a,0x90,0x0,0x5c,
  0x13,0xa1,0xf9,0xef,0x65,0xba,0xd,0x55,0x66,0xc1,0xd5,0x11,0x8e,0x6c,0x36,0xb3,
  0xd1,0xc5,0xbc,0xf9,0x7e,0x84,0xe6,0x4f,0x85,0x75,0xe3,0x7b,0x91,0x99,0xff,0xb8,
  0x75,0x76,0xd6,0x5c,0xcf,0xe0,0x5,0x66,0x55,0xd6,0x97,0xab,0xa9,0x8e,0xeb,0x22,
  0x34,0xff,0x2a,0xdb,0xca,0xbc,0x38,0x33,0x10,0xbf,0x95,0x40,0xfc,0x7a,0xb0,0x7d,
  0xc7,0xb9,0x6d,0xcf,0x8,0xb2,0xc2,0x6b,0x59,0xb0,0x9b,0x30,0x3,0xd0,0x8f,0xd0,
  0xfc,0xa7,0x3d,0xac,0x69,0x16,0x24,0x11,0x8e,0x6c,0xa8,0x30,0x1e,0xb1,0x99,0x7f,
  0x95,0x24,0x11,0xb5,0x8f,0x6d,0x9d,0x5b,0x4,0x71,0xa8,0x3a,0x59,0x4c,0x22,0xa8,
  0x1b,0xb1,0xd,0xa6,0x16,0x7d,0x77,0xc0,0xd3,0x4a,0xd7,0xbb,0x1a,0xb8,0x1f,0xbd,
  0x62,0x81,0x22,0x9d,0x21,0xe6,0xbf,0x42,0xfa,0x8c,0x61,0xd1,0xd9,0x8c,0xd0,0xfc,
  0x63,0x24,0xc6,0x91,0xf0,0x6e,0xd3,0xd1,0xfc,0x6b,0x51,0x5f,0x12,0xdb,0x47,0x34,
  0x9,0x62,0x6c,0x83,0xa9,0x45,0xe7,0x84,0xcc,0xab,0xcb,0x6f,0xef,0xe5,0xf1,0xdb,
  0x2c,0xb6,0x8f,0xf6,0x88,0xce,0x6d,0xbd,0x10,0xec,0xe3,0x68,0xc6,0xc9,0x7f,0x49,
  0xc4,0x8d,0x5d,0xf3,0xb7,0x73,0xb,0x11,0xfb,0x99,0x1c,0x4d,0xab,0x2f,0xb6,0x8f,
  0x38,0xcd,0xbf,0x9,0x67,0xd7,0x74,0xb2,0x24,0x60,0x6f,0xc9,0xdf,0x83,0x67,0x2d,
  0xb4,0x7,0x74,0x20,0x9,0xe9,0xc6,0x1e,0xc5,0x60,0xdf,0x11,0xa9,0xb2,0xb1,0xef,
  0xb7,0x33,0xb7,0x73,0x1b,0xa0,0xb7,0x62,0xfb,0xd0,0xfc,0x23,0xe3,0x80,0xe6,0x5f,
  0x19,0x77,0xe,0xc4,0x6f,0x23,0x34,0x88,0xec,0x6,0x12,0x80,0x24,0xbb,0x79,0xe5,
  0xc2,0xb7,0xd5,0xeb,0x2b,0x6d,0xec,0x4e,0x6b,0x6a,0xfe,0x75,0xeb,0xdc,0x34,0xff,
  0xe6,0x3e,0x26,0x4a,0x6c,0x1f,0x95,0x71,0x6c,0x29,0x7e,0xeb,0x83,0xee,0x47,0x37,
  0x70,0xd3,0x7a,0x3,0xa,0xdf,0x52,0xbf,0xb7,0x73,0xb3,0x73,0xd3,0xfc,0xad,0x2f,
  0x5e,0x6f,0x8d,0xe3,0x77,0x80,0xc5,0xe7,0x98,0xec,0x67,0x9f,0x43,0x6b,0xf8,0x6,
  0x6,0xa9,0x48,0x6f,0x48,0xe6,0x76,0x33,0x3d,0xdf,0xce,0xad,0xe1,0x9d,0x5b,0x4f,
  0xf3,0xb7,0xbe,0xc,0xc0,0xf6,0x51,0x8f,0xfa,0x92,0xb0,0xf8,0x1c,0x9d,0x5d,0xe7,
  0xbe,0x51,0xf1,0xeb,0x16,0x82,0x33,0x2a,0xd0,0x37,0x41,0x34,0x7f,0x3b,0xb7,0x58,
  0xe3,0x67,0xfb,0xa8,0x8e,0x96,0xed,0xc3,0xfa,0x12,0x11,0x37,0x1e,0xf7,0x7a,0xdb,
  0x13,0x74,0x20,0xab,0x7a,0x7f,0x23,0x2b,0xeb,0xaa,0x8d,0x33,0xfa,0xfa,0xb2,0x6e,
  0xfb,0x88,0x86,0xd8,0xd6,0x88,0xd8,0x3e,0x9a,0x65,0xfe,0x90,0x6e,0xe4,0xd7,0x9f,
  0x75,0x5,0x39,0x4c,0xf3,0x6f,0x64,0x65,0xb5,0x71,0xc6,0x5f,0x5f,0x5c,0x20,0xaa,
  0xf9,0x87,0xf4,0x56,0x6d,0x1f,0x8d,0x33,0x7f,0xd8,0xbe,0xb6,0x6f,0x26,0x9,0x40,
  0x87,0xe6,0x62,0x65,0x8d,0xaf,0x73,0x6b,0x59,0x5f,0x7c,0x4c,0x64,0xfb,0x18,0x5b,
  0xcf,0xf6,0xd1,0x1c,0x3a,0x93,0x4,0x4e,0xac,0xac,0x75,0xec,0xdc,0xac,0x2f,0x9a,
  0x7f,0x4c,0x68,0xfe,0xd6,0x97,0x5a,0x9a,0x9b,0x58,0x59,0x1d,0xd9,0x58,0x5f,0xa6,
  0xa1,0x65,0xfb,0x38,0xf8,0x6f,0xb4,0x7d,0xd8,0x3e,0x4c,0x0,0x34,0xff,0x85,0xab,
  0xac,0x6b,0x76,0x6e,0xd6,0x97,0x1,0xac,0xd8,0x3e,0xa2,0xaf,0x2f,0xb6,0xf,0x19,
  0x98,0xc0,0x77,0x27,0x8,0x76,0x93,0xd6,0x0,0x58,0x59,0xf,0xa1,0xf9,0x5b,0x5f,
  0x86,0xcd,0x0,0xc4,0x78,0xbd,0x9e,0x8d,0x70,0xe8,0x20,0x37,0xdb,0x87,0x84,0xda,
  0x47,0x1b,0x48,0xda,0x63,0x6,0x7b,0xf,0xcd,0xd9,0x4e,0xd1,0x69,0xcd,0x7a,0x34,
  0xf6,0xa4,0x61,0xd7,0xeb,0x63,0xa2,0xf1,0xf5,0xda,0xb6,0xf,0xd7,0x88,0xc8,0x40,
  0x7f,0xeb,0x14,0x83,0x39,0x2a,0xd8,0xab,0x34,0xeb,0x51,0x41,0xd7,0xca,0x5a,0x8b,
  0xc6,0x6e,0x67,0xae,0xf9,0x8f,0xa3,0xa7,0xf9,0x7b,0xbd,0x72,0xc8,0xfc,0xb7,0xf8,
  0x5b,0x7b,0x44,0xe1,0x15,0x9a,0x77,0x90,0x82,0xd3,0x9a,0x36,0x76,0xaf,0x57,0xf3,
  0xb7,0xbe,0xec,0xbc,0x1f,0xd5,0xfc,0xe3,0xf2,0xb5,0xa5,0x72,0xfc,0xba,0x43,0xa,
  0x2f,0x13,0xef,0x82,0x92,0x26,0x76,0x6e,0x4b,0x9a,0xbf,0xe6,0x1f,0x19,0xeb,0x9a,
  0xbf,0xf5,0x65,0x0,0x87,0xd9,0x3e,0xa2,0xaa,0x7f,0x4b,0x1,0x1f,0xf,0xae,0x1,
  0x8,0x65,0xa,0x7d,0xd2,0x83,0x50,0x34,0x7f,0x3b,0x37,0xcd,0x5f,0xf3,0xdf,0xc9,
  0xa0,0xc0,0xd5,0xef,0x2e,0x10,0xad,0xf2,0x7a,0x9b,0x36,0xa3,0xdd,0x26,0xfc,0xb6,
  0x4e,0x2f,0xff,0xcb,0x72,0x70,0x42,0xcf,0xc0,0xf7,0x35,0x6c,0xaa,0x24,0x46,0xf3,
  0x6f,0x55,0x58,0x81,0x62,0xec,0xdc,0xda,0x15,0xd5,0x8d,0x18,0x3b,0xf3,0x18,0xeb,
  0x46,0x93,0xcc,0xbf,0x1d,0xa9,0xf9,0x5f,0x1,0xfc,0x62,0xc5,0x75,0x23,0xb6,0xc1,
  0xd4,0x4a,0xc3,0xcc,0x7f,0x75,0x90,0xf9,0x87,0x2a,0x6e,0x87,0xf0,0xab,0x24,0x4d,
  0x9a,0x66,0x39,0x32,0xd2,0x91,0xff,0xcd,0x2b,0x8a,0xc7,0x2d,0x22,0xec,0xdc,0x96,
  0x81,0x23,0x2a,0x8a,0x45,0x8c,0x23,0x9b,0x9b,0x45,0x56,0x37,0xaa,0xae,0x2f,0xf3,
  0x6e,0x2b,0x47,0x64,0x75,0x32,0xb6,0x91,0xff,0x1a,0xf0,0xfd,0x8a,0xea,0xc6,0xd1,
  0xc4,0x39,0x93,0x5a,0x55,0x3f,0x5a,0x85,0xf9,0xef,0x9,0xc4,0x6f,0xb3,0x98,0x24,
  0xb7,0x47,0x98,0xff,0xb4,0xcf,0xf8,0xea,0xcc,0xc9,0x11,0x9a,0xff,0xb4,0xff,0xae,
  0x59,0x70,0x6a,0x84,0x23,0x9b,0x93,0x2a,0x9a,0x1,0xf8,0xf1,0x2c,0x41,0x8c,0x6d,
  0x64,0x73,0x6a,0x45,0x75,0xe3,0xae,0x11,0x9a,0xff,0x5e,0xe0,0xe,0x15,0x74,0xb6,
  0x27,0x47,0x66,0xfe,0x39,0xa7,0x54,0x54,0x37,0x4e,0x24,0xce,0x99,0xd4,0xaa,0xfa,
  0xd1,0x79,0xb3,0xb7,0xd4,0x47,0x26,0xc0,0x7e,0x4a,0x33,0x64,0x79,0x81,0xf2,0x14,
  0x62,0x2,0x6c,0xd0,0xcc,0x5,0x16,0xb7,0x4,0xee,0x11,0x99,0xf9,0xdf,0x2a,0x33,
  0xbd,0x2a,0x78,0x58,0x84,0x23,0x9b,0x73,0x2a,0x8a,0x45,0xb,0x78,0x70,0x64,0xe6,
  0xbf,0x2,0x3c,0xa4,0xa2,0x78,0x3c,0x98,0xd1,0x53,0xaa,0xf3,0xae,0x2f,0xf,0xad,
  0x28,0x39,0x7c,0x64,0x84,0xe6,0xf,0xf0,0xf0,0x8a,0xea,0xc6,0x9d,0x81,0xdb,0x45,
  0x66,0xfe,0x27,0x2,0xb7,0x6e,0x80,0x87,0x85,0x6,0xf3,0x1b,0x4,0x1e,0x8f,0x85,
  0x12,0x80,0x60,0xa6,0xd0,0x30,0x9e,0x19,0xd9,0xc8,0xe6,0xb7,0xa8,0xee,0x39,0xef,
  0xdd,0x80,0xfb,0x46,0xd4,0xb9,0x1d,0x1,0xfc,0x46,0x85,0x75,0xe3,0x9,0xc4,0xb5,
  0x3d,0xf2,0x6f,0x16,0x66,0x25,0xe6,0xcd,0x11,0xc0,0xaf,0x47,0x64,0xfe,0x2d,0xe0,
  0x19,0x15,0xc5,0xe2,0x37,0x48,0x1f,0xc5,0xc4,0x64,0xfe,0x67,0x4e,0x38,0x98,0xa9,
  0xaa,0x1f,0x9d,0x57,0x7d,0x79,0x4a,0x43,0xfc,0x2b,0x34,0x93,0x9f,0xc,0xa,0x50,
  0x79,0xe4,0xbf,0xd9,0x70,0xf3,0x7,0x78,0x4,0xf0,0xa0,0x48,0xcc,0xff,0x38,0xe0,
  0xb7,0x2b,0x8e,0xc7,0xab,0x81,0xc3,0x23,0xe9,0xdc,0x5e,0x54,0xa1,0xe1,0x1,0xdc,
  0x9,0x78,0x6a,0x24,0xe6,0x7f,0x3b,0xe0,0xb9,0x15,0xd7,0x8d,0x3f,0x22,0x9d,0xa1,
  0xaa,0xda,0xfc,0x1,0x9e,0x44,0x75,0x53,0xbc,0x47,0x0,0x7f,0x1e,0x91,0xf9,0x2f,
  0x3,0xaf,0xaa,0xb8,0x6e,0xfc,0x3a,0x70,0x7a,0x24,0xe6,0x7f,0x9f,0xac,0x5f,0x6f,
  0x12,0xfd,0x51,0x83,0x95,0x72,0x2,0xd0,0xd3,0xfc,0xf,0xf2,0xd7,0xa4,0xd3,0x58,
  0x55,0x9a,0xff,0x4d,0x81,0x77,0x90,0xbe,0x99,0x51,0x25,0x27,0x0,0x6f,0x21,0x7d,
  0xb7,0xb7,0xca,0xce,0xed,0xb7,0x81,0xc7,0x47,0x50,0x37,0xfe,0x37,0xe9,0xf4,0x77,
  0x95,0xe6,0xff,0x63,0xc0,0x79,0xc0,0x51,0x15,0xc7,0xe2,0x48,0xe0,0x9d,0xc0,0x8d,
  0x2b,0x36,0xff,0x9f,0x3,0x5e,0x1a,0xc1,0xc0,0xe1,0xb9,0x11,0x98,0x7f,0x7,0x78,
  0x23,0xd5,0x3d,0x36,0x2c,0xfe,0x3b,0xfe,0xe,0xf8,0x89,0x8a,0xcd,0xff,0x27,0x81,
  0xd7,0xd3,0xac,0x57,0x0,0xf3,0xb7,0xf7,0xfa,0xa3,0x2,0x95,0x17,0xd6,0xfc,0xb7,
  0x77,0x6c,0x1f,0xd,0xcc,0x4,0xcc,0xab,0x73,0xbb,0xb,0xf0,0x9,0xd2,0x85,0x67,
  0x31,0x70,0x36,0xf0,0x37,0x54,0xb3,0xba,0xb7,0xb,0x3c,0xf,0x78,0x4d,0x24,0xb1,
  0xe8,0x2,0xe7,0x93,0x3e,0x9a,0xa9,0xc2,0xfc,0x4f,0x4,0xde,0x47,0x75,0x8b,0xff,
  0xca,0x9c,0xa,0x7c,0x3c,0xeb,0x68,0xab,0x30,0xff,0xc7,0x1,0xff,0x40,0x1c,0x9b,
  0x65,0x3d,0x1d,0x78,0x43,0x36,0x2,0xaf,0xc2,0xfc,0x8f,0xca,0x12,0xb2,0x47,0x47,
  0x52,0x37,0x6e,0x5,0x5c,0x8,0xdc,0xab,0x22,0xf3,0xbf,0x6f,0xd6,0x56,0x8e,0xa2,
  0x39,0x8c,0x1d,0xbf,0x62,0x2,0x20,0xe1,0x24,0xe0,0xbd,0xc0,0xdb,0x81,0xd3,0xe6,
  0xd4,0xb9,0x1d,0xf,0xfc,0x69,0x96,0x7c,0xc4,0xb6,0x60,0xe5,0xe7,0x80,0x4f,0x67,
  0x23,0xf1,0x23,0x67,0x74,0xbd,0xc3,0xe2,0xb7,0x4c,0xfa,0x1e,0xf3,0xe7,0x80,0x67,
  0x47,0x16,0x8b,0x25,0xd2,0x29,0xdf,0x8f,0x1,0xf,0x20,0x7c,0x5a,0xe6,0xac,0xeb,
  0xcb,0x6d,0x81,0x97,0x0,0xff,0x92,0x25,0x1,0x31,0x71,0x22,0xf0,0x79,0xe0,0xe5,
  0xc0,0xb1,0x73,0x30,0x7f,0x80,0xfb,0x1,0x17,0x0,0xaf,0x63,0xfb,0x6b,0x78,0x55,
  0x72,0xe,0xe9,0x3b,0xf8,0x7f,0xcc,0x64,0x6f,0x24,0xec,0xa4,0xbe,0x1c,0x45,0xba,
  0xfe,0xe1,0x72,0xe0,0xe7,0x23,0xab,0x1b,0xc7,0x0,0x1f,0x1,0xde,0x54,0x9a,0x95,
  0xd8,0xcd,0xfe,0xf4,0xae,0x59,0x22,0xf6,0xf7,0xd,0x33,0x7f,0xb2,0xc1,0xfc,0x58,
  0xf1,0x6b,0x25,0xc9,0xd8,0xde,0xff,0x9,0xe0,0x9e,0xd,0x4f,0x8,0xae,0xca,0x3a,
  0xb9,0xef,0x72,0x68,0x33,0x85,0x3,0x53,0x26,0x50,0x2d,0xe,0x4d,0xa9,0x77,0x32,
  0x43,0x3d,0x31,0xa2,0x11,0xff,0x38,0x95,0xec,0x92,0xac,0xa3,0xbb,0x61,0x8c,0x18,
  0x14,0xaf,0xb7,0x48,0x28,0x7e,0x2b,0x99,0x89,0xdc,0x9d,0x74,0xed,0x41,0x1d,0xb8,
  0x36,0x4b,0x8e,0xae,0xcc,0xae,0x69,0x92,0xeb,0x1d,0x15,0xb7,0x9b,0x0,0x3f,0x95,
  0xfd,0xa9,0xb,0x57,0x0,0x97,0x1,0x57,0x33,0xfd,0x8e,0x6d,0x87,0xd,0x31,0x94,
  0xbb,0xd7,0xa8,0x63,0xff,0x3a,0xf0,0x85,0xac,0xdf,0xd8,0x3f,0x83,0xf6,0x51,0xfc,
  0xcc,0xde,0x6c,0xe6,0xe5,0xae,0xd4,0xe7,0xc8,0xf6,0xaf,0x65,0x7d,0xc7,0x75,0x81,
  0xba,0xb1,0x93,0xfe,0x74,0x99,0xf4,0x3d,0xff,0x93,0x48,0xdf,0xe6,0x6a,0x2a,0x17,
  0x92,0x2e,0x0,0x35,0x1,0x10,0x11,0x11,0x31,0x1,0xd8,0x4e,0xdb,0x58,0x89,0x88,
  0x88,0x34,0xf,0x13,0x0,0x11,0x11,0x11,0x13,0x0,0x11,0x11,0x11,0x69,0x0,0xad,
  0x71,0xdf,0x2f,0x6f,0x53,0x9f,0x5,0x26,0x22,0x22,0x22,0x32,0xc0,0xf8,0x33,0x4f,
  0x4f,0xc6,0x99,0x1,0x8,0x9d,0x2a,0x24,0x22,0x22,0x22,0xf5,0x33,0xff,0x4e,0xd1,
  0xdc,0x47,0x99,0xff,0x2a,0x3e,0x2a,0x10,0x11,0x11,0xa9,0xbb,0xf9,0x77,0x8b,0x83,
  0xf9,0xf6,0x88,0xc2,0x2b,0x8e,0xfc,0x45,0x44,0x44,0x6a,0x6f,0xfe,0x4b,0x25,0x3f,
  0x4f,0xba,0x43,0xa,0x2f,0xb3,0x7d,0x87,0x26,0x11,0x11,0x11,0xa9,0xf,0x6d,0xe,
  0x6d,0x93,0x5d,0xf4,0xf1,0xe0,0x1a,0x80,0x50,0xa6,0xd0,0xe7,0xd0,0xce,0x77,0x22,
  0x22,0x22,0x52,0xf,0xf3,0x5f,0x9,0xc,0xe6,0x7b,0xb0,0xfd,0x94,0xb9,0x6d,0xcf,
  0x8,0xb2,0xc2,0x6b,0xc6,0x51,0x44,0x44,0xa4,0x56,0xe6,0xbf,0x5a,0x1a,0xf9,0x27,
  0xc5,0xc1,0x7c,0x39,0x1,0xe8,0x4,0xcc,0x7f,0x9d,0xe9,0xf6,0xf2,0x16,0x11,0x11,
  0x91,0x6a,0xcc,0x7f,0x4f,0xc0,0xfc,0x37,0xb,0xbf,0x6f,0x49,0x0,0x42,0xe6,0xbf,
  0xa1,0xf9,0x8b,0x88,0x88,0xd4,0x8a,0xbd,0xd9,0xcf,0x7e,0xc1,0xcf,0xf7,0x53,0x5a,
  0xcb,0x97,0x27,0x0,0xe5,0x95,0xfe,0xc1,0xc2,0x22,0x22,0x22,0x12,0x35,0xf9,0x60,
  0x3e,0x29,0xd,0xe6,0xb7,0xf9,0x79,0x28,0x1,0x48,0x98,0xfe,0x48,0x46,0x11,0x11,
  0x11,0xa9,0x8e,0xd0,0x63,0xfc,0xa0,0x9f,0x77,0x3,0x23,0xff,0x9e,0xe6,0x2f,0x22,
  0x22,0x52,0x6b,0xfa,0xa4,0xb,0xf8,0x7,0x3e,0xc6,0x2f,0xbf,0x6,0xa8,0xf9,0x8b,
  0x88,0x88,0xd4,0x9b,0x4,0xd8,0xc7,0x88,0x35,0x7c,0xdd,0x42,0x61,0x17,0xfb,0x89,
  0x88,0x88,0xd4,0xdf,0xfc,0x6f,0x18,0xc7,0xd3,0xdb,0x85,0xf,0x88,0x88,0x88,0x48,
  0xbd,0xe9,0x8d,0x3b,0xa0,0xf7,0x90,0x1f,0x11,0x11,0x91,0x6,0x62,0x2,0x20,0x22,
  0x22,0x62,0x2,0x20,0x22,0x22,0x22,0x26,0x0,0x22,0x22,0x22,0x62,0x2,0x20,0x22,
  0x22,0x22,0xb,0x41,0xab,0x3b,0x41,0xa2,0xd0,0x31,0x5e,0x22,0x22,0x22,0xf5,0x36,
  0xfe,0xcc,0xd3,0x93,0x71,0x66,0x0,0xf2,0x53,0x85,0x5a,0xc6,0x4d,0x44,0x44,0xa4,
  0xd6,0xe6,0xdf,0x29,0x9a,0xfb,0x28,0xf3,0x5f,0xc5,0x47,0x5,0x22,0x22,0x22,0x75,
  0x37,0xff,0x6e,0x71,0x30,0xdf,0x4a,0x92,0x64,0x58,0xe1,0xdc,0xfc,0x8b,0xb3,0x0,
  0x3f,0x62,0xba,0x5d,0x3,0xdb,0xc0,0xe1,0xa5,0x64,0xa2,0xaf,0x9e,0x7a,0xea,0xa9,
  0xa7,0x9e,0x7a,0xea,0xcd,0x4c,0xaf,0x47,0x7a,0x6,0x40,0xd9,0xcf,0x97,0x48,0x37,
  0xfd,0xcb,0x77,0xfe,0xed,0xf,0x4a,0x0,0x5a,0xc0,0x32,0x87,0x8e,0x15,0xcc,0xff,
  0x11,0x37,0xec,0xe0,0x62,0xf6,0xb2,0xfd,0x94,0x22,0xf5,0xd4,0x53,0x4f,0x3d,0xf5,
  0xd4,0x53,0x6f,0x77,0xf5,0x96,0xa,0x49,0x44,0x9e,0x0,0xf4,0xba,0x3,0xcc,0x7f,
  0xa9,0xf4,0xe5,0x7d,0xc6,0x38,0x58,0xc0,0x60,0xab,0xa7,0x9e,0x7a,0xea,0xa9,0xa7,
  0x5e,0x54,0x7a,0x2b,0x85,0x91,0x7f,0xae,0xd7,0x83,0xed,0xc7,0x1,0x6f,0x7b,0x46,
  0x90,0x15,0x5e,0x33,0xd8,0xea,0xa9,0xa7,0x9e,0x7a,0xea,0xa9,0x57,0x2b,0xbd,0xd5,
  0x82,0xce,0x16,0xf3,0xf,0x25,0x0,0x9d,0xc0,0x97,0xaf,0x1b,0x6c,0xf5,0xd4,0x53,
  0x4f,0x3d,0xf5,0xd4,0xab,0x95,0xde,0x9e,0x80,0xf9,0x6f,0x16,0x7e,0xdf,0x92,0x0,
  0x84,0xcc,0x7f,0xc3,0x60,0xab,0xa7,0x9e,0x7a,0xea,0xa9,0xa7,0x5e,0xed,0xf4,0x28,
  0x7c,0x3e,0x1,0xf6,0x53,0x3a,0xf9,0x37,0x4f,0x0,0xca,0xef,0xf8,0x7,0xb,0x1b,
  0x6c,0xf5,0xd4,0x53,0x4f,0x3d,0xf5,0xd4,0xab,0x85,0x5e,0x52,0x1a,0xcc,0x6f,0xf3,
  0xf3,0x50,0x2,0x90,0x0,0x7,0x34,0x7f,0xf5,0xd4,0x53,0x4f,0x3d,0xf5,0xd4,0xab,
  0xbd,0xde,0xfa,0x20,0x3f,0xef,0x6,0x46,0xfe,0x3d,0xcd,0x5f,0x3d,0xf5,0xd4,0x53,
  0x4f,0x3d,0xf5,0x6a,0xad,0xd7,0x67,0xc4,0x2,0xfe,0xf2,0xe,0x7f,0x9a,0xbf,0x7a,
  0xea,0xa9,0xa7,0x9e,0x7a,0xea,0xd5,0x5f,0x6f,0xe4,0xab,0xfb,0xdd,0x42,0xe1,0x51,
  0x5f,0xfc,0x52,0xe0,0xce,0x81,0xff,0xbf,0x65,0x6f,0xe1,0x19,0x24,0x13,0xea,0xa9,
  0xa7,0x9e,0x7a,0xea,0xa9,0xa7,0xde,0x74,0x7a,0x97,0x1,0x4f,0x1b,0x27,0x99,0x28,
  0x26,0x0,0xa3,0xb8,0x7,0x70,0x4f,0x44,0x44,0x44,0x24,0x56,0x56,0xc6,0x9d,0x49,
  0xf0,0x90,0x1f,0x11,0x11,0x91,0x6,0x62,0x2,0x20,0x22,0x22,0x62,0x2,0x20,0x22,
  0x22,0x22,0x26,0x0,0x22,0x22,0x22,0x62,0x2,0x20,0x22,0x22,0x22,0xb,0x41,0xab,
  0x3b,0x41,0xa2,0xd0,0x31,0x5e,0x22,0x22,0x22,0xf5,0x36,0xfe,0xcc,0xd3,0x93,0x71,
  0x66,0x0,0xf2,0x53,0x85,0x5a,0xc6,0x4d,0x44,0x44,0xa4,0xd6,0xe6,0xdf,0x29,0x9a,
  0xfb,0x28,0xf3,0x5f,0xc5,0x47,0x5,0x22,0x22,0x22,0x75,0x37,0xff,0x6e,0x71,0x30,
  0xdf,0x1e,0x51,0x78,0xc5,0x91,0xbf,0x88,0x88,0x48,0xed,0xcd,0x7f,0xa9,0xe4,0xe7,
  0x49,0x77,0x48,0xe1,0x65,0xb6,0xef,0x2d,0x2c,0x22,0x22,0x22,0xf5,0xa1,0x9d,0x99,
  0x7f,0xd9,0xc7,0x83,0x6b,0x0,0x42,0x99,0x42,0x9f,0x74,0xaf,0x62,0x11,0x11,0x11,
  0xa9,0x8f,0xf9,0xaf,0x4,0x6,0xf3,0x3d,0xd8,0x7e,0x1c,0xf0,0xb6,0x67,0x4,0x59,
  0xe1,0x35,0xe3,0x28,0x22,0x22,0x52,0x2b,0xf3,0x5f,0x2d,0x8d,0xfc,0x93,0xe2,0x60,
  0xbe,0x9c,0x0,0x74,0x2,0xe6,0xbf,0xce,0x74,0x47,0x14,0x8a,0x88,0x88,0x48,0x35,
  0xe6,0xbf,0x27,0x60,0xfe,0x9b,0x85,0xdf,0xb7,0x24,0x0,0x21,0xf3,0xdf,0xd0,0xfc,
  0x45,0x44,0x44,0x6a,0xc5,0xde,0xec,0x67,0xbf,0xe0,0xe7,0xfb,0x29,0xad,0xe5,0xcb,
  0x13,0x80,0xf2,0x4a,0xff,0x60,0x61,0x11,0x11,0x11,0x89,0x9a,0x7c,0x30,0x9f,0x94,
  0x6,0xf3,0xdb,0xfc,0x3c,0x94,0x0,0x24,0xc0,0x1,0xcd,0x5f,0x44,0x44,0xa4,0x76,
  0x84,0x1e,0xe3,0x7,0xfd,0xbc,0x1b,0x18,0xf9,0xf7,0x34,0x7f,0x11,0x11,0x91,0x5a,
  0xd3,0x27,0x5d,0xc0,0x3f,0xf0,0x31,0x7e,0xf9,0x35,0x40,0xcd,0x5f,0x44,0x44,0xa4,
  0xde,0x24,0xc0,0x3e,0x46,0xac,0xe1,0xeb,0x16,0xa,0xbb,0xd8,0x4f,0x44,0x44,0xa4,
  0xfe,0xe6,0x7f,0xc3,0x38,0x9e,0xde,0x2e,0x7c,0x40,0x44,0x44,0x44,0xea,0x4d,0x6f,
  0xdc,0x1,0xbd,0x87,0xfc,0x88,0x88,0x88,0x34,0x10,0x13,0x0,0x11,0x11,0x11,0x13,
  0x0,0x11,0x11,0x11,0x31,0x1,0x10,0x11,0x11,0x11,0x13,0x0,0x11,0x11,0x11,0x59,
  0x8,0x5a,0xdd,0x9,0x12,0x85,0x8e,0xf1,0x12,0x11,0x11,0xa9,0xb7,0xf1,0x67,0x9e,
  0x9e,0x8c,0x33,0x3,0x90,0x9f,0x2a,0xd4,0x32,0x6e,0x22,0x22,0x22,0xb5,0x36,0xff,
  0x4e,0xd1,0xdc,0x47,0x99,0xff,0x2a,0x3e,0x2a,0x10,0x11,0x11,0xa9,0xbb,0xf9,0x77,
  0x8b,0x83,0xf9,0xf6,0x88,0xc2,0x2b,0x8e,0xfc,0x45,0x44,0x44,0x6a,0x6f,0xfe,0x4b,
  0x25,0x3f,0x4f,0xba,0x43,0xa,0x2f,0xb3,0xfd,0x54,0x21,0x11,0x11,0x11,0xa9,0xf,
  0xed,0xcc,0xfc,0xcb,0x3e,0x1e,0x5c,0x3,0x10,0xca,0x14,0xfa,0xa4,0xdb,0xb,0x8a,
  0x88,0x88,0x48,0x7d,0xcc,0x7f,0x25,0x30,0x98,0xef,0xc1,0xf6,0xe3,0x80,0xb7,0x3d,
  0x23,0xc8,0xa,0xaf,0x19,0x47,0x11,0x11,0x91,0x5a,0x99,0xff,0x6a,0x69,0xe4,0x9f,
  0x14,0x7,0xf3,0xe5,0x4,0xa0,0x13,0x30,0xff,0x75,0x3c,0x29,0x50,0x44,0x44,0xa4,
  0x4e,0xe6,0xbf,0x27,0x60,0xfe,0x9b,0x85,0xdf,0xb7,0x24,0x0,0x21,0xf3,0xdf,0xd0,
  0xfc,0x45,0x44,0x44,0x6a,0xc5,0xde,0xec,0x67,0xbf,0xe0,0xe7,0xfb,0x29,0xad,0xe5,
  0xcb,0x13,0x80,0xf2,0x4a,0xff,0x60,0x61,0x11,0x11,0x11,0x89,0x9a,0x7c,0x30,0x9f,
  0x94,0x6,0xf3,0xdb,0xfc,0x3c,0x94,0x0,0x24,0xc0,0x1,0xcd,0x5f,0x44,0x44,0xa4,
  0x76,0x84,0x1e,0xe3,0x7,0xfd,0xbc,0x1b,0x18,0xf9,0xf7,0x34,0x7f,0x11,0x11,0x91,
  0x5a,0xd3,0x27,0x5d,0xc0,0x3f,0xf0,0x31,0x7e,0xf9,0x35,0x40,0xcd,0x5f,0x44,0x44,
  0xa4,0xde,0x24,0xc0,0x3e,0x46,0xac,0xe1,0xeb,0x16,0xa,0xbb,0xd8,0x4f,0x64,0xf7,
  0xd9,0x0,0x2e,0x6,0x2e,0x2,0xbe,0x8,0x5c,0x5,0xfc,0x90,0x74,0xda,0xee,0x8,
  0xe0,0x96,0xc0,0x71,0xc0,0x69,0xc0,0xdd,0xd8,0x3e,0x4b,0x27,0x22,0x32,0xca,0xfc,
  0x6f,0x18,0xc7,0xd3,0x8b,0x9,0x80,0x88,0xec,0xe,0x7d,0xe0,0xfd,0xc0,0x79,0xc0,
  0x7,0x80,0xef,0x8d,0x99,0x70,0xdf,0x4,0x78,0x28,0xf0,0x58,0xe0,0x3e,0x86,0x51,
  0x44,0xc6,0xa0,0x37,0xee,0x80,0xde,0x43,0x7e,0x44,0x76,0xb7,0x21,0xbe,0x5,0x38,
  0x5,0x78,0x34,0xf0,0xae,0x9,0xcc,0x1f,0xe0,0x3a,0xe0,0xcd,0xc0,0x7d,0x81,0x53,
  0x81,0xf7,0x19,0x52,0x11,0x99,0x15,0x26,0x0,0x22,0xbb,0xc3,0x17,0x80,0x9f,0x1,
  0x9e,0x8,0xfc,0x27,0x13,0x4c,0xcb,0xd,0x68,0xa7,0x5f,0xca,0x92,0x88,0x87,0x3,
  0xff,0x61,0x78,0x45,0xc4,0x4,0x40,0x24,0x3e,0x5e,0xb,0xfc,0x2c,0xf0,0xf9,0xec,
  0xf7,0x9d,0x9a,0xff,0x5e,0xe,0xbd,0xda,0xf3,0x61,0xe0,0x1e,0xc0,0xf3,0x49,0xf7,
  0xea,0x10,0x11,0x31,0x1,0x10,0xa9,0x98,0x3e,0xf0,0x3f,0x80,0xdf,0x2b,0x98,0xf3,
  0x2c,0xcd,0x3f,0xd7,0xbb,0x6,0x78,0xe,0x70,0x12,0xf0,0x11,0xc3,0x2e,0x22,0x26,
  0x0,0x22,0xd5,0x91,0x0,0x4f,0x2,0xde,0x58,0xfa,0x7f,0xb3,0x36,0xff,0xa2,0xde,
  0x17,0x49,0xd7,0x7,0xfc,0x2a,0x70,0xb5,0xb7,0x40,0x44,0x26,0xa0,0x35,0x6e,0x2,
  0xd0,0x26,0xdd,0x5e,0x50,0x44,0xc2,0x3c,0x1f,0x78,0xeb,0x1c,0xcd,0xbf,0xc8,0x5f,
  0x91,0xbe,0x3a,0xf8,0x7a,0x7c,0xa3,0x47,0x44,0x46,0x18,0x7f,0xe6,0xe7,0x63,0x25,
  0x0,0xf9,0xa9,0x42,0x2d,0xe3,0x26,0x12,0xe4,0x9f,0x80,0x97,0x55,0x64,0xfe,0x39,
  0xdf,0x7,0x7e,0x1d,0xb8,0x37,0x70,0x99,0xb7,0x44,0x44,0x86,0x98,0xff,0xc1,0xce,
  0x66,0x54,0x67,0xb4,0x8a,0x8f,0xa,0x44,0x6,0x71,0x2d,0xf0,0xe4,0x8a,0xcd,0xbf,
  0xc8,0xc7,0x81,0x93,0x81,0xff,0x45,0xba,0xd,0xa8,0x88,0x48,0x6e,0xfe,0xdd,0x62,
  0xff,0xd2,0x1e,0x51,0x78,0xc5,0x91,0xbf,0xc8,0x50,0x5e,0x40,0xfa,0x6e,0x7f,0xc,
  0xe6,0x9f,0x73,0x0,0x78,0x11,0xe9,0xdb,0x2,0x1f,0xf4,0x16,0x89,0x68,0xfe,0xc0,
  0x52,0xb9,0x7f,0x69,0xf,0x29,0xbc,0x1c,0xe8,0x8c,0x44,0xe4,0x10,0xdf,0x0,0xde,
  0x14,0x99,0xf9,0x17,0xf5,0xbe,0x6,0x3c,0x92,0x74,0x27,0xc1,0x6f,0x7b,0xbb,0x44,
  0x1a,0x49,0x3b,0xe0,0xe7,0x3,0x13,0x80,0x50,0xa6,0xd0,0x27,0xdd,0xd5,0x4c,0x44,
  0xe,0x71,0x2e,0xb0,0x19,0xa9,0xf9,0x17,0xf5,0xfe,0x1e,0x38,0x1,0x78,0x35,0x9e,
  0xf9,0x21,0xd2,0x34,0xf3,0x5f,0x9,0xf4,0x2f,0xbd,0xfc,0x2f,0xcb,0xe6,0xdf,0xd,
  0x14,0xde,0x67,0x1c,0x45,0xb6,0x70,0x80,0x74,0x6f,0xff,0xd8,0xcd,0x3f,0xd7,0xbb,
  0x8e,0xf4,0x35,0xc5,0x7b,0x0,0x9f,0xf3,0xf6,0x89,0x34,0xc2,0xfc,0x57,0x7,0x99,
  0x7f,0x28,0x1,0xe8,0x4,0xa,0xaf,0x39,0x6a,0x10,0xd9,0xc6,0x47,0x49,0x37,0xe4,
  0xa9,0x83,0xf9,0x17,0xf5,0x2e,0x2,0xee,0xe,0x3c,0x3d,0xfb,0x3b,0x11,0x59,0x4c,
  0xf3,0xdf,0x13,0xe8,0xf,0xf2,0x19,0xcb,0x6d,0x9,0x40,0xc8,0xfc,0xd7,0x35,0x7f,
  0x91,0x20,0x17,0xd4,0xd0,0xfc,0x73,0x7a,0xc0,0x2b,0x48,0x1f,0xb,0x9c,0xef,0xad,
  0x14,0x59,0x38,0xf6,0x96,0xfc,0x3d,0x21,0xdd,0x9d,0x34,0x29,0x77,0x1c,0x10,0x58,
  0x1c,0x40,0x7a,0x6e,0xb9,0xe6,0x2f,0x12,0xe6,0x63,0x35,0x35,0xff,0x22,0xdf,0x4,
  0xce,0x21,0x3d,0x72,0xf8,0xeb,0xde,0x52,0x91,0x85,0x20,0x34,0x98,0xdf,0x20,0xb0,
  0x90,0x3f,0x94,0x0,0x4,0x33,0x5,0x11,0xd9,0xc2,0x17,0x6a,0x6e,0xfe,0x45,0xde,
  0x3,0xdc,0x89,0x74,0x33,0xa3,0x4d,0x6f,0xad,0x48,0xad,0x9,0xcd,0xe4,0x27,0x83,
  0x3a,0x90,0xf2,0xc8,0x7f,0x53,0xf3,0x17,0x19,0xca,0x75,0xc0,0xf,0x16,0xc4,0xfc,
  0x73,0xd6,0x80,0x3f,0x6,0xee,0x43,0xba,0x4e,0x40,0x44,0xea,0x4d,0x9f,0x11,0x6b,
  0xf8,0xca,0x9,0x40,0x4f,0xf3,0x17,0x19,0xc9,0x35,0xb,0x66,0xfe,0x45,0xbd,0x4b,
  0x81,0x7,0x90,0x9e,0x6a,0x78,0x9d,0xb7,0x5a,0xa4,0x96,0xe4,0x6f,0xef,0xf5,0x47,
  0x35,0xfc,0xbc,0xb0,0xe6,0x2f,0x32,0x1e,0xeb,0xb,0x6a,0xfe,0xc5,0x81,0xc0,0x2b,
  0x81,0xe3,0x49,0x5f,0x75,0x14,0x91,0x7a,0x99,0xff,0x58,0xfd,0x41,0x31,0x1,0x10,
  0x91,0xd9,0x52,0x47,0xf3,0x2f,0xea,0x7d,0x7,0x78,0xc,0x70,0x7f,0xe0,0xcb,0xde,
  0x4e,0x91,0x5a,0xd0,0x1b,0xb7,0x3f,0xf0,0x90,0x1f,0x11,0xcd,0x7f,0x94,0xde,0x3f,
  0x3,0x77,0x1,0x9e,0x47,0xba,0x40,0x58,0x44,0x16,0xa4,0x93,0x12,0x11,0xcd,0x7f,
  0x94,0xde,0x3a,0xf0,0x5c,0xe0,0x24,0xd2,0x4d,0x90,0x44,0xc4,0x4,0x40,0x44,0x16,
  0xdc,0xfc,0x8b,0x7c,0x91,0xf4,0x4d,0x81,0x5f,0x5,0xae,0xf6,0x76,0x8b,0x98,0x0,
  0x88,0xc8,0xe2,0x9b,0x7f,0x91,0xbf,0x22,0xdd,0x3b,0xe0,0xff,0xe2,0x1a,0x22,0x11,
  0x13,0x0,0x11,0xcd,0xbf,0x11,0xe6,0x9f,0xeb,0x6d,0x0,0x4f,0x6,0x1e,0x2,0x5c,
  0x61,0x15,0x10,0xa9,0x15,0xad,0xf6,0x4,0x8d,0xbd,0x63,0xbc,0x44,0x34,0xff,0x80,
  0xde,0x27,0x81,0x33,0x80,0x67,0x93,0x6e,0x3c,0x22,0x22,0x11,0x1b,0x7f,0xe6,0xe7,
  0x63,0x25,0x0,0xa1,0x53,0x85,0x44,0x44,0xf3,0x2f,0xea,0x5d,0x7,0xbc,0x0,0xb8,
  0x33,0xf0,0x7e,0xab,0x85,0x48,0xd4,0xe6,0x7f,0xb0,0x31,0x8f,0x6a,0xec,0xab,0xf8,
  0xa8,0x40,0x44,0xf3,0x1f,0x4f,0xef,0x3f,0x80,0x7,0x2,0x8f,0x2,0xae,0xb2,0x8a,
  0x88,0x44,0x65,0xfe,0xdd,0x62,0xfb,0x6d,0x8f,0x28,0xbc,0xe2,0xc8,0x5f,0x44,0xf3,
  0x9f,0x42,0xef,0x6d,0xa4,0xc7,0xd,0xbf,0x1a,0x4f,0x15,0x15,0x89,0xc1,0xfc,0x97,
  0xca,0xed,0xb7,0x3d,0xa4,0xf0,0x72,0xa0,0xb1,0x8b,0x48,0x8a,0xe6,0x3f,0x5a,0xef,
  0x7a,0xe0,0x49,0xc0,0x4f,0x3,0x97,0x58,0x65,0x44,0x2a,0x1b,0xac,0x2c,0x7,0x6,
  0xf3,0xc1,0x4,0x20,0x94,0x29,0xf4,0x49,0xb7,0x17,0x14,0x91,0xb4,0x41,0x69,0xfe,
  0xe3,0xeb,0x7d,0x1a,0x38,0x15,0x78,0x7a,0xf6,0x39,0x11,0x99,0x5f,0x5f,0xb5,0x12,
  0x68,0xbf,0xbd,0xfc,0x2f,0xcb,0xe6,0xdf,0xd,0x14,0xde,0x67,0x1c,0x45,0xb6,0xb4,
  0x13,0xcd,0x7f,0x32,0x7a,0xc0,0x9f,0x1,0xa7,0x1,0xff,0x68,0x15,0x12,0x99,0x8b,
  0xf9,0xaf,0xe,0x32,0xff,0x50,0x2,0xd0,0x9,0x14,0x5e,0xc3,0x67,0x78,0x22,0x21,
  0x34,0xff,0xc9,0xf5,0xbe,0x5,0xfc,0x12,0xe9,0x21,0x43,0xdf,0xb4,0xa,0x89,0xec,
  0x9a,0xf9,0xef,0x9,0xb4,0xdf,0x4d,0xa,0x8f,0xf3,0xdb,0x23,0xcc,0x7f,0x5d,0xf3,
  0x17,0xd1,0xfc,0x77,0x41,0xef,0x1f,0x49,0x77,0x12,0x7c,0x69,0xd6,0x29,0x89,0xc8,
  0xec,0xd8,0x5b,0xf2,0xf7,0x84,0xf4,0x20,0xaf,0xa4,0xdc,0x30,0x21,0xb0,0x38,0x80,
  0x74,0x97,0x2f,0xcd,0x5f,0x44,0xf3,0xdf,0x2d,0xbd,0x1f,0x2,0xbf,0x43,0xba,0x3e,
  0xe0,0x5f,0xad,0x56,0x22,0x33,0x21,0x34,0x98,0xdf,0x20,0xb0,0x90,0x3f,0x94,0x0,
  0x4,0x33,0x5,0x11,0x39,0x48,0x5f,0xf3,0x9f,0xa9,0xde,0xe7,0x49,0x77,0x12,0x7c,
  0x2,0xe9,0x86,0x42,0x22,0x32,0x3d,0xa1,0x99,0xfc,0x64,0x50,0x3,0x2d,0x8f,0x6c,
  0x36,0x35,0x7f,0x91,0x99,0xa3,0xf9,0xf,0xd7,0xeb,0x3,0x7f,0xe,0x1c,0xf,0x9c,
  0x67,0x75,0x11,0x99,0xc9,0x40,0x65,0xe8,0x1a,0xbe,0x72,0x2,0xd0,0xd3,0xfc,0x45,
  0x34,0xff,0xa,0xf5,0xbe,0x43,0xba,0x40,0xf0,0x1,0xc0,0x57,0xac,0x3a,0x22,0x53,
  0x91,0xbf,0xbd,0xd7,0x1f,0xd5,0x50,0xf3,0xc2,0x9a,0xbf,0x88,0xe6,0x1f,0x8b,0xde,
  0x7,0x48,0xcf,0x15,0x78,0x1,0xe9,0x23,0x49,0x11,0x19,0xdf,0xfc,0xc7,0x6a,0x6f,
  0xc5,0x4,0x40,0x44,0x34,0xff,0x98,0xf4,0xf6,0x3,0x2f,0x6,0xce,0x4,0x2e,0xb4,
  0x3a,0x89,0x8c,0x45,0x6f,0xdc,0xf6,0xe6,0x21,0x3f,0x22,0x9a,0x7f,0xec,0x7a,0xff,
  0xe,0x3c,0x84,0x74,0x91,0xe0,0xd5,0x56,0x2d,0x91,0xd9,0x75,0x52,0x22,0xa2,0xf9,
  0xd7,0x41,0xef,0xb5,0xa4,0x8b,0x4,0xdf,0x80,0xb3,0x96,0x22,0x26,0x0,0x22,0x9a,
  0x7f,0xa3,0xf4,0xae,0x1,0x1e,0x7,0xdc,0x7,0xb8,0xcc,0xea,0x26,0x62,0x2,0x20,
  0xa2,0xf9,0x37,0x4b,0xef,0x63,0xc0,0xc9,0xc0,0xef,0x93,0xbe,0xea,0x24,0x22,0x26,
  0x0,0x22,0x9a,0x7f,0x43,0xf4,0xe,0x0,0x2f,0x24,0x7d,0x5b,0xe0,0xfd,0x56,0x41,
  0x91,0x89,0x68,0xb5,0x27,0x68,0x9c,0x1d,0xe3,0x25,0xa2,0x59,0x47,0xa8,0xf7,0x1f,
  0xc0,0x3,0x81,0x47,0x1,0xdf,0xb6,0x3a,0x8a,0xc,0x37,0xfe,0xcc,0xcf,0xc7,0x4a,
  0x0,0x42,0xa7,0xa,0x89,0x88,0x66,0x1d,0x9b,0xde,0xdb,0x48,0xf,0x18,0x7a,0x1d,
  0x9e,0x63,0x22,0x32,0xcc,0xfc,0xf,0x36,0xbe,0x51,0x8d,0x73,0x15,0x1f,0x15,0x88,
  0x68,0xd6,0xf5,0xd0,0xeb,0x1,0xcf,0x4,0xee,0x7,0x7c,0xc1,0x2a,0x2a,0xb2,0xc5,
  0xfc,0xbb,0xc5,0xf6,0xd6,0x1e,0x51,0x78,0xc5,0x91,0xbf,0x88,0xe6,0x5a,0x43,0xbd,
  0x8b,0x81,0x7b,0x3,0xcf,0xc8,0x34,0x45,0x9a,0x6e,0xfe,0x4b,0xe5,0xf6,0xd6,0x1e,
  0x52,0x78,0x39,0xd0,0x38,0x45,0x24,0x45,0xb3,0x8e,0x5f,0xef,0x7a,0xe0,0xe5,0xa4,
  0x8f,0x5,0xde,0x65,0x95,0x95,0x6,0xf,0x56,0x96,0x3,0x83,0xf9,0x60,0x2,0x10,
  0xca,0x14,0xfa,0xa4,0x53,0x6b,0x22,0x92,0x36,0x28,0xcd,0xba,0x3e,0x7a,0xdf,0x0,
  0x1e,0x96,0xfd,0xf9,0xba,0xd5,0x57,0x1a,0xd6,0x57,0xad,0x4,0xda,0x47,0x2f,0xff,
  0xcb,0xb2,0xf9,0x77,0x3,0x85,0xf7,0x19,0x47,0x91,0x2d,0xed,0x44,0x73,0xad,0x9f,
  0xde,0xbb,0xb2,0xd9,0x80,0x97,0x91,0x1e,0x7b,0x2e,0xb2,0xe8,0xe6,0xbf,0x3a,0xc8,
  0xfc,0x43,0x9,0x40,0x27,0x50,0x78,0xd,0x57,0xd4,0x8a,0x84,0xd0,0x5c,0xeb,0xa7,
  0xf7,0x23,0xd2,0x45,0x82,0xa7,0x2,0xff,0x6a,0x15,0x96,0x5,0x36,0xff,0x3d,0x81,
  0xf6,0xb1,0x49,0xe1,0x71,0x7e,0x7b,0x84,0xf9,0xaf,0x6b,0xfe,0x22,0x9a,0xff,0x2,
  0xea,0x7d,0x1e,0x38,0x83,0xf4,0x80,0xa1,0xeb,0xad,0xce,0xb2,0x60,0xec,0x2d,0xf9,
  0x7b,0x42,0x7a,0xba,0x66,0x52,0x6e,0x48,0x10,0x58,0x1c,0x0,0x6c,0x68,0xfe,0x22,
  0x9a,0xff,0x2,0xeb,0xf5,0x49,0xf,0x18,0x3a,0x15,0xf8,0x3b,0xab,0xb5,0x2c,0x8,
  0xa1,0xc1,0xfc,0x6,0x81,0x85,0xfc,0xa1,0x4,0x20,0x98,0x29,0x88,0xc8,0x16,0xe3,
  0xd0,0x5c,0x17,0x47,0xef,0x7b,0xa4,0x7,0xc,0x9d,0x3,0xfc,0xa7,0xd5,0x5b,0x6a,
  0x4e,0x68,0x26,0x3f,0x19,0xd4,0x0,0xca,0x23,0x9b,0x4d,0xcd,0x5f,0x64,0xe6,0x68,
  0xd6,0xf1,0xeb,0x7d,0x88,0xf4,0x5c,0x81,0x17,0xe0,0x22,0x41,0x59,0x8c,0x81,0xca,
  0xd0,0x35,0x7c,0xe5,0x4,0xa0,0xa7,0xf9,0x8b,0x68,0xfe,0xd,0xd6,0xdb,0x7,0x3c,
  0x1b,0x38,0xb,0xf8,0x96,0x55,0x57,0x6a,0x4a,0xfe,0xf6,0x5e,0x7f,0x54,0x43,0xc8,
  0xb,0x6b,0xfe,0x22,0x9a,0xbf,0x7a,0x29,0xff,0x2,0x9c,0x86,0xdb,0x9,0x4b,0x3d,
  0xcd,0x7f,0xac,0xf6,0x51,0x4c,0x0,0x44,0x44,0xf3,0x57,0xef,0x10,0x57,0x2,0xf7,
  0x35,0x9,0x90,0x9a,0xd1,0x1b,0xb7,0x7d,0x78,0xc8,0x8f,0x88,0xe6,0xaf,0xde,0x60,
  0xae,0x1,0x1e,0x94,0x25,0x3,0x22,0xb,0xd7,0x49,0x89,0x88,0xe6,0xaf,0xde,0x60,
  0xae,0x4,0xfe,0x2b,0x6e,0x87,0x2e,0x26,0x0,0x22,0xa2,0xb9,0x36,0x4e,0xef,0x42,
  0xe0,0x45,0x56,0x6f,0x31,0x1,0x10,0x11,0xcd,0xb5,0x79,0x7a,0x2f,0x20,0x3d,0x58,
  0x48,0xc4,0x4,0x40,0x44,0x34,0xd7,0x6,0xe9,0x75,0x81,0x3f,0xb1,0xaa,0xcb,0x82,
  0xd0,0x6a,0x4f,0x50,0xf9,0x3b,0xc6,0x4b,0x44,0x33,0x6c,0xb8,0xde,0xdb,0x80,0xab,
  0xac,0xf2,0x52,0x67,0xe3,0xcf,0xfc,0x7c,0xac,0x4,0x20,0x74,0xaa,0x90,0x88,0x68,
  0x86,0x4d,0xd4,0xdb,0x4,0xde,0x6c,0xb5,0x97,0x9a,0x9b,0xff,0xc1,0xca,0x3d,0xaa,
  0xf2,0xaf,0xe2,0xa3,0x2,0x11,0xcd,0x50,0xbd,0x5c,0xef,0xaf,0xac,0xfa,0x52,0x53,
  0xf3,0xef,0x16,0xeb,0x73,0x7b,0x44,0xe1,0x15,0x47,0xfe,0x22,0x9a,0xa1,0x7a,0x5b,
  0xf4,0x2e,0xc7,0x43,0x83,0xa4,0x7e,0xe6,0xbf,0x54,0xae,0xcf,0xed,0x21,0x85,0x97,
  0x3,0x95,0x5f,0x44,0x52,0x34,0xc3,0x66,0xeb,0x7d,0xcc,0x26,0x20,0x35,0x1a,0xac,
  0x2c,0x7,0x6,0xf3,0xc1,0x4,0x20,0x94,0x29,0xf4,0x71,0x13,0xc,0x91,0x62,0x83,
  0xd2,0xc,0x9b,0xad,0x77,0x89,0xcd,0x40,0x6a,0xd2,0x57,0xad,0x4,0xea,0x73,0xf,
  0xd2,0xe7,0x1,0x65,0xf3,0xef,0x6,0xa,0xaf,0x19,0x47,0x91,0x2d,0xed,0x44,0x33,
  0x6c,0xb6,0xde,0x97,0x6d,0x6,0x52,0x3,0xf3,0x5f,0x2d,0xd4,0xe3,0x2d,0xe6,0x1f,
  0x4a,0x0,0x3a,0x81,0xca,0xbf,0x3e,0x65,0x63,0x12,0x59,0x74,0x34,0xc3,0xe6,0xea,
  0x7d,0xdb,0xea,0x2f,0x91,0x9b,0xff,0x9e,0x80,0xf9,0x6f,0x16,0x7e,0xdf,0x92,0x0,
  0x84,0xcc,0x7f,0x43,0xf3,0x17,0xd1,0xfc,0xd5,0xdb,0xc6,0x8f,0x6c,0x2,0x12,0x31,
  0x7b,0xb3,0x9f,0xfd,0x42,0x7d,0xde,0x4f,0x69,0x2d,0x5f,0x9e,0x0,0xb4,0x2,0x9d,
  0xdb,0xb6,0xc2,0x22,0xa2,0x19,0xaa,0x27,0x12,0x35,0xf9,0x60,0x3e,0x29,0xd,0xe6,
  0xb7,0xf9,0x79,0x28,0x1,0x48,0x80,0x3,0x9a,0xbf,0xc8,0x40,0xfa,0x9a,0x61,0xe3,
  0xf5,0xe,0xb7,0x19,0x48,0xa4,0x84,0x1e,0xe3,0x7,0xfd,0xbc,0x1b,0x18,0xd9,0xf4,
  0x34,0x7f,0x91,0x99,0xa3,0xb9,0x2e,0x96,0xde,0x8f,0x59,0xa5,0xa5,0x6,0x3,0x95,
  0xb5,0x61,0xf5,0xb9,0xfc,0x1a,0xa0,0xe6,0x2f,0xa2,0xf9,0xab,0x37,0x9a,0x3b,0x58,
  0xad,0x25,0x62,0x12,0x60,0xdf,0xa8,0xfa,0xdc,0x2d,0x14,0xf6,0x79,0x97,0x88,0xe6,
  0xaf,0xde,0x78,0x9c,0x6c,0xd5,0x96,0x88,0xcd,0x7f,0xac,0xfa,0xdc,0x2e,0x7c,0x40,
  0x44,0x34,0x7f,0xf5,0xc6,0xe3,0x2c,0xab,0xb7,0x44,0x4a,0x6f,0xdc,0xfa,0xec,0x21,
  0x3f,0x22,0x9a,0xbf,0x7a,0x93,0x71,0x1c,0xf0,0x13,0x56,0x71,0x59,0x84,0x4e,0x4a,
  0x44,0x34,0x7f,0xf5,0xc6,0xe7,0x97,0xac,0xe2,0x62,0x2,0x20,0x22,0x9a,0x6b,0xb3,
  0xf4,0x96,0x80,0xc7,0x59,0xcd,0xc5,0x4,0x40,0x44,0x34,0xd7,0x66,0xe9,0x3d,0xe,
  0xb8,0xa5,0x55,0x5d,0x4c,0x0,0x44,0x44,0x73,0x6d,0x8e,0xde,0x51,0xc0,0xff,0xb4,
  0xaa,0xcb,0x82,0xd0,0xea,0x4e,0x50,0xf9,0x3b,0xc6,0x4b,0x44,0x33,0x6c,0xb0,0xde,
  0xef,0x1,0xb7,0xb1,0xba,0x4b,0xdd,0x8d,0x3f,0xab,0xd3,0x49,0x7b,0xcc,0xca,0xbf,
  0x87,0xed,0xe7,0x5,0x88,0x88,0xe6,0xda,0x14,0xbd,0x9f,0x6,0x9e,0x66,0x75,0x97,
  0x5,0x30,0xff,0x4e,0xb1,0x72,0x8f,0xaa,0xfc,0xab,0xf8,0xa8,0x40,0x44,0x74,0x9a,
  0xfa,0x18,0x0,0x0,0x1d,0x43,0x49,0x44,0x41,0x54,0x33,0x6c,0xae,0xde,0xad,0x80,
  0x37,0xe2,0x2c,0xa8,0xd4,0xdf,0xfc,0xbb,0xc5,0xf6,0xd1,0x1e,0x51,0x78,0xc5,0x91,
  0xbf,0x88,0x66,0xd8,0x60,0xbd,0xa3,0x80,0x77,0x0,0xc7,0x58,0xe5,0xa5,0xe6,0xe6,
  0xbf,0x54,0x6e,0x1f,0xed,0x21,0x85,0x97,0x3,0x8d,0x49,0x44,0x52,0x34,0xd7,0x66,
  0x8c,0xfc,0xff,0x1,0xb8,0x93,0xd5,0x5d,0x6a,0x3e,0x58,0x59,0xe,0xc,0xe6,0x83,
  0x9,0x40,0x28,0x53,0xe8,0x93,0x6e,0x2f,0x28,0x22,0x69,0x83,0xd2,0x5c,0x17,0x5b,
  0xef,0x74,0xe0,0x2,0xcd,0x5f,0x16,0xa0,0xaf,0x5a,0x9,0xb4,0x8f,0x5e,0xfe,0x97,
  0x65,0xf3,0xef,0x6,0xa,0xef,0x33,0x8e,0x22,0x5b,0xda,0x89,0xe6,0xba,0x98,0x7a,
  0x47,0x1,0xcf,0x1,0xde,0x8b,0x47,0xfe,0x4a,0xfd,0xcd,0x7f,0x75,0x90,0xf9,0xc3,
  0xa1,0xd3,0x0,0x73,0x3a,0x81,0xc2,0xeb,0x78,0x52,0xa0,0x48,0x8,0xcd,0x75,0xb1,
  0xf4,0xce,0x6,0x5e,0x86,0xfb,0xfc,0xcb,0x62,0x98,0xff,0x9e,0x42,0xbb,0xc8,0x7f,
  0x6e,0x16,0x7e,0xdf,0x92,0x0,0x84,0xcc,0x7f,0x43,0xf3,0x17,0xd1,0xfc,0x17,0x5c,
  0xef,0x96,0xc0,0xff,0x1,0xce,0xb1,0x5a,0xcb,0x82,0xb0,0x37,0xfb,0xd9,0x2f,0xb4,
  0x8f,0xfd,0x94,0xd6,0xf2,0xe5,0x8f,0x0,0x5a,0x81,0xce,0x4d,0xf3,0x17,0xd1,0xfc,
  0x17,0x59,0xaf,0xd,0x3c,0x11,0xb8,0x5c,0xf3,0x97,0x5,0x62,0xd0,0x60,0x7e,0xdb,
  0x42,0xfe,0x6e,0x20,0x1,0x48,0x80,0x3,0xb8,0xea,0x5f,0x64,0x10,0x7d,0xcd,0xb5,
  0xf6,0x7a,0x27,0x3,0xaf,0x5,0x4e,0xb3,0x3a,0xcb,0x82,0x11,0x7a,0x8c,0x9f,0xc,
  0x6a,0x50,0xe5,0x91,0xcd,0xa6,0xe6,0x2f,0x32,0x73,0x34,0xeb,0x38,0xf4,0xe,0x27,
  0x7d,0xce,0xff,0x19,0xcd,0x5f,0x1a,0x30,0x50,0x59,0x1b,0xd6,0x3e,0xca,0x8b,0x0,
  0x7b,0x9a,0xbf,0x88,0xe6,0xbf,0xa0,0x7a,0x67,0x93,0x3e,0xeb,0x77,0x3f,0x7f,0x59,
  0x74,0xf2,0xb7,0xf7,0x86,0xb6,0x8f,0x6e,0xa1,0xb0,0xcf,0xfb,0x45,0x34,0xff,0x45,
  0xd4,0xbb,0x4d,0x66,0xfc,0x67,0x5b,0x1d,0xa5,0x21,0xe6,0x3f,0x56,0xfb,0x68,0x17,
  0x3e,0x20,0x22,0x9a,0xff,0x22,0xe9,0x75,0x80,0xa7,0x3,0x97,0x69,0xfe,0xd2,0x20,
  0x7a,0xe3,0xb6,0xb7,0xae,0xb1,0x12,0xd1,0xfc,0x17,0x50,0xef,0x74,0xe0,0x5c,0xd2,
  0xc5,0x7e,0x22,0x32,0x64,0x6,0x40,0x44,0x34,0xff,0x45,0xd0,0x3b,0x2,0x78,0xd,
  0xf0,0x49,0xcd,0x5f,0xc4,0x19,0x0,0x11,0xcd,0xbf,0x19,0x7a,0x8f,0x2,0x5e,0x81,
  0x5b,0xf8,0x8a,0x98,0x0,0x88,0x68,0xfe,0x8d,0xd0,0xbb,0x7d,0x36,0xea,0xbf,0xbf,
  0x55,0x50,0x64,0xb2,0x6,0x27,0x22,0x9a,0x7f,0x1d,0xf5,0x96,0x80,0xdf,0x7,0x2e,
  0xd5,0xfc,0x45,0x26,0xa6,0xd5,0x9d,0xa0,0x71,0x76,0x8c,0x97,0x88,0x66,0x1d,0x89,
  0xde,0x59,0xa4,0x8b,0xfc,0x4e,0xb0,0xfa,0x89,0x4c,0x66,0xfc,0x59,0x9b,0x4b,0xda,
  0x63,0x36,0xce,0x3d,0x6c,0x3f,0x2f,0x40,0x44,0x34,0xeb,0x79,0xeb,0x1d,0x5,0xbc,
  0x1,0xf8,0x88,0xe6,0x2f,0x32,0x95,0xf9,0x1f,0x1c,0xcc,0x77,0xc7,0x68,0x9c,0xab,
  0xf8,0xa8,0x40,0x44,0xb3,0xae,0x5e,0xef,0xb1,0xc0,0x4b,0xb2,0x24,0x40,0x44,0x26,
  0x37,0xff,0xe2,0xe6,0x7f,0x43,0x13,0x80,0x16,0xb0,0xe2,0xc8,0x5f,0x44,0xb3,0xae,
  0x58,0xef,0x4,0xd2,0xe9,0xfe,0xb3,0xac,0x76,0x22,0x53,0x9b,0xff,0x52,0xd6,0xc6,
  0xf2,0x8d,0xff,0x6,0x3e,0x2,0x68,0x1,0xcb,0x81,0xc6,0x29,0x22,0x29,0x9a,0xf5,
  0xee,0xeb,0xad,0x0,0xcf,0x7,0x2e,0xd1,0xfc,0x45,0x76,0x34,0x58,0x59,0xe,0xc,
  0xe6,0x93,0xee,0x90,0x4c,0xa1,0x58,0xb8,0x4f,0xba,0xbd,0xa0,0x88,0xa4,0xd,0x4a,
  0xb3,0xde,0x5d,0xbd,0xfb,0x93,0xbe,0xda,0x77,0x7b,0xab,0x9b,0xc8,0x8e,0xfa,0xaa,
  0x95,0xf2,0xc8,0x3f,0xf7,0xf3,0x76,0xc0,0xfc,0xbb,0x81,0xc6,0xb9,0xcf,0x38,0x8a,
  0x6c,0x69,0x27,0x9a,0xf5,0xee,0xe8,0xfd,0x18,0x70,0x1e,0xf0,0x7e,0xcd,0x5f,0x64,
  0xc7,0xe6,0xbf,0x1a,0x68,0x6f,0xbd,0x62,0x81,0x22,0x9d,0x40,0xe1,0x35,0x3c,0x29,
  0x50,0x24,0x84,0xe6,0x3f,0x3b,0xbd,0x36,0xf0,0x4,0xe0,0x8b,0xa4,0x3b,0xfa,0x89,
  0xc8,0xce,0xcc,0x7f,0x4f,0xa0,0xbd,0x6d,0x16,0x66,0x2,0xb6,0x2c,0x2,0xc,0x99,
  0xff,0x86,0xe6,0x2f,0xa2,0xf9,0xef,0xb2,0xde,0x49,0xc0,0x6b,0x49,0xf,0xf0,0x11,
  0x91,0x9d,0xb3,0x37,0xfb,0xd9,0x2f,0xb4,0xb7,0xfd,0x94,0xd6,0xf2,0xe5,0x33,0x0,
  0xad,0x40,0xe7,0xa6,0xf9,0x8b,0x68,0xfe,0xbb,0xa9,0xb7,0xa,0xbc,0x14,0xf8,0x8c,
  0xe6,0x2f,0x32,0x33,0x6,0xd,0xe6,0xb7,0x2d,0xe4,0xef,0x6,0x12,0x80,0x4,0x38,
  0x80,0xab,0xfe,0x45,0x6,0xd1,0xd7,0xfc,0x77,0xac,0xf7,0x5f,0x80,0xff,0x3,0xdc,
  0xc6,0xea,0x24,0x32,0x53,0xca,0xed,0x6d,0x7d,0x90,0x9f,0x77,0x3,0x23,0x9b,0x9e,
  0xe6,0x2f,0x32,0x73,0x34,0xff,0x54,0xef,0xa6,0xc0,0x9b,0x81,0xb3,0xad,0x12,0x22,
  0xbb,0x3e,0x50,0x19,0xba,0x86,0xaf,0xbc,0x8,0x50,0xf3,0x17,0xd1,0xfc,0x77,0x43,
  0xaf,0xd,0xfc,0x6,0xe9,0xc1,0x3d,0x9a,0xbf,0xc8,0xee,0x92,0xbf,0xbd,0x37,0xb4,
  0xfd,0x16,0xb7,0x5,0xf4,0x79,0xbf,0x88,0xe6,0xbf,0x1b,0x7a,0x77,0x3,0x5e,0xe,
  0x9c,0x6c,0x75,0x10,0x99,0x8b,0xf9,0x8f,0xd5,0x7e,0xb7,0xec,0xb,0x2c,0x22,0x9a,
  0xff,0xc,0xf5,0x6e,0xc,0x3c,0x17,0xf8,0x35,0x3c,0x4f,0x44,0x64,0x5e,0xf4,0xc6,
  0x6d,0xbf,0x5d,0x63,0x25,0xa2,0xf9,0xef,0x82,0xde,0x23,0x80,0x17,0x90,0x6e,0xec,
  0x23,0x22,0x11,0x62,0x2,0x20,0xa2,0xf9,0xcf,0x52,0xef,0xb6,0xc0,0xcb,0x80,0x9f,
  0xb5,0x1a,0x88,0x98,0x0,0x88,0x68,0xfe,0x8b,0x6f,0xfe,0xcb,0xc0,0x53,0x80,0x67,
  0x92,0xee,0x3d,0x2e,0x22,0x26,0x0,0x22,0x9a,0xff,0x82,0x9b,0xff,0x99,0xa4,0x8b,
  0xfc,0x8e,0xb3,0xa,0x88,0x98,0x0,0x88,0x68,0xfe,0x8b,0x6f,0xfe,0x3f,0x4e,0x7a,
  0x5c,0xef,0x63,0xd8,0xbe,0x9b,0xa8,0x88,0xc4,0x4d,0xab,0x3b,0x41,0x63,0xef,0x18,
  0x2f,0x11,0xcd,0x3f,0xd3,0x7b,0x3c,0xf0,0x3c,0xe0,0x28,0x6f,0xbf,0x48,0xbd,0x8c,
  0x3f,0x6b,0xc3,0x49,0x77,0xcc,0xc6,0xbe,0xc7,0xc,0x5f,0x44,0xf3,0x7,0xee,0x44,
  0x7a,0x70,0xcf,0x99,0xde,0x7a,0x91,0x5a,0x9a,0x7f,0x27,0xeb,0x3,0x46,0xbe,0x9b,
  0x9b,0x9f,0x27,0xec,0x3b,0xbc,0x22,0xcd,0x36,0xff,0x15,0xd2,0xe9,0xfe,0xcf,0x69,
  0xfe,0x22,0xb5,0x35,0xff,0x6e,0xb1,0x3f,0xe8,0x8e,0x28,0xbc,0xe2,0xc8,0x5f,0xa4,
  0xf1,0xe6,0x7f,0x3f,0xe0,0x35,0xc0,0x1d,0xbc,0xed,0x22,0xb5,0x35,0xff,0xa5,0xac,
  0xf,0xc8,0x37,0xfe,0x4b,0xda,0x43,0xa,0x2f,0x7,0x3a,0xf,0x11,0x49,0x69,0x82,
  0xf9,0xdf,0x2,0x38,0xf,0xf8,0x80,0xe6,0x2f,0x52,0xeb,0xc1,0xca,0x72,0x60,0x30,
  0x1f,0x4c,0x0,0xf2,0x4c,0xa1,0x58,0xb8,0x4f,0xba,0xbd,0xa0,0x88,0x6c,0x5f,0x13,
  0xb3,0x68,0xe6,0xdf,0x6,0x7e,0x1b,0xf8,0x22,0xf0,0x28,0x6f,0xb7,0x48,0xad,0xcd,
  0x7f,0x25,0xd0,0x1f,0xf4,0x60,0xfb,0x23,0x80,0x6d,0xcf,0x8,0xb2,0xc2,0x6b,0xc6,
  0x51,0xe4,0x20,0x47,0x2e,0xb0,0xf9,0x9f,0x44,0xba,0xc8,0xef,0x74,0x6f,0xb3,0x48,
  0xed,0xcd,0x7f,0xb5,0xd0,0xf,0x6c,0x31,0xff,0xbc,0x40,0x91,0xce,0x0,0xf3,0xf7,
  0xa4,0x40,0x91,0x43,0x1c,0x1,0xdc,0x68,0xc1,0xcc,0xff,0x70,0xe0,0xa5,0xc0,0x67,
  0x34,0x7f,0x91,0x85,0x30,0xff,0xd0,0x4c,0xe5,0x66,0x21,0x19,0xd8,0x92,0x0,0x84,
  0xcc,0x7f,0x5d,0xf3,0x17,0x9,0x72,0xfc,0x2,0x99,0xff,0x43,0x81,0xcb,0x80,0x67,
  0xe0,0xe6,0x60,0x22,0x8b,0xc0,0xde,0x92,0xbf,0x27,0xc0,0x7e,0x4a,0x6b,0xf9,0xf2,
  0x2,0xdb,0x16,0x7,0x0,0x1b,0x9a,0xbf,0xc8,0x40,0x4e,0x5c,0x0,0xf3,0xbf,0x35,
  0x70,0x3e,0xf0,0x2e,0xd2,0x5d,0xfd,0x44,0xa4,0xfe,0x84,0x6,0xf3,0x1b,0x4,0x16,
  0xf2,0x87,0x12,0x80,0x60,0xa6,0x20,0x22,0x5b,0xb8,0x5f,0x8d,0xcd,0xbf,0x3,0x3c,
  0x1d,0xb8,0x1c,0x78,0x98,0xb7,0x52,0x64,0xa1,0x8,0xcd,0xe4,0x7,0xfd,0xbc,0x1b,
  0x18,0xf9,0xf7,0x34,0x7f,0x91,0x91,0xfc,0x2c,0xe9,0x36,0xb8,0xd7,0xd4,0xcc,0xfc,
  0x4f,0x23,0x5d,0xe4,0x77,0xb2,0xb7,0x50,0x64,0xa1,0xe9,0x33,0x62,0xd,0x5f,0x79,
  0x11,0xa0,0xe6,0x2f,0x32,0x1e,0x87,0x1,0xbf,0x52,0x23,0xf3,0xbf,0x31,0xf0,0x6a,
  0xe0,0x5f,0x34,0x7f,0x91,0x85,0x27,0x1,0xf6,0x8d,0xea,0x5f,0xda,0x8e,0xfc,0x45,
  0xa6,0xe6,0xa9,0x8c,0x5e,0x34,0x17,0x83,0xf9,0xff,0x57,0xd2,0x77,0xfa,0x9f,0x80,
  0xdb,0x7a,0x8b,0x34,0xc1,0xfc,0xc7,0xea,0x5f,0x8a,0x9,0x80,0x88,0x4c,0xc6,0xb1,
  0xc0,0x6f,0x46,0x6c,0xfe,0xb7,0x3,0xfe,0x9,0xf8,0x1b,0xe0,0x18,0x6f,0x97,0x48,
  0x23,0xe8,0x8d,0xdb,0xbf,0x38,0x1a,0x10,0xd9,0x19,0xcf,0x3,0x6e,0x1e,0x99,0xf9,
  0x1f,0x6,0xfc,0x2f,0xe0,0x52,0xe0,0x1,0xde,0x22,0x11,0x31,0x1,0x10,0x99,0x3d,
  0x47,0x2,0xaf,0x8f,0xc8,0xfc,0xef,0x5,0x5c,0x2,0xbc,0x80,0x43,0xbb,0x80,0x89,
  0x88,0x98,0x0,0x88,0xec,0x2,0x3f,0xf,0xfc,0x7e,0xc5,0xe6,0x7f,0x54,0x96,0x88,
  0x7c,0x14,0xb8,0x93,0xb7,0x44,0x44,0x46,0xe1,0xae,0x5f,0x22,0xb3,0xe1,0x79,0xc0,
  0x55,0xc0,0x3b,0x2a,0x30,0xff,0x5f,0x5,0x5e,0x2,0x1c,0xed,0x6d,0x10,0x11,0x67,
  0x0,0x44,0xe6,0x4b,0xb,0xf8,0x4b,0xe0,0x71,0x73,0x34,0xff,0xe3,0x81,0x8f,0x0,
  0x6f,0xd4,0xfc,0x45,0x64,0xd2,0x3e,0x6b,0xdc,0x4,0xa0,0x4d,0xba,0x7b,0x98,0x88,
  0xc,0x6f,0x27,0x2f,0x7,0x5e,0x4c,0x3a,0xbb,0xb6,0x5b,0xe6,0xbf,0x92,0xcd,0x38,
  0x7c,0x1e,0xb8,0xb7,0x61,0x17,0x91,0x9,0x7,0x2b,0x9d,0x71,0x13,0x80,0xd0,0xa9,
  0x42,0x22,0x32,0x98,0xdf,0x4,0x3e,0xc8,0x74,0x1b,0xee,0x8c,0x32,0xff,0xfb,0x1,
  0x5f,0x0,0x9e,0xd,0x2c,0x19,0x6a,0x11,0x99,0xc2,0xfc,0xf,0x76,0x36,0xa3,0x3a,
  0xa3,0x55,0x7c,0x54,0x20,0x32,0x29,0x27,0x3,0x9f,0x6,0xde,0x0,0xdc,0x7e,0x6,
  0xe6,0x7f,0x12,0xf0,0x6e,0xe0,0x3,0xc0,0x1d,0xc,0xaf,0x88,0x4c,0x61,0xfe,0xdd,
  0x62,0xff,0xd2,0x1e,0x51,0x78,0xc5,0x91,0xbf,0xc8,0xd4,0x74,0x80,0xc7,0x2,0xff,
  0x4e,0x7a,0xe2,0xde,0x23,0x48,0x67,0xd3,0xc6,0x35,0xff,0x1b,0x3,0xf,0x7,0x3e,
  0x4,0x7c,0x16,0xf8,0x2f,0x86,0x54,0x44,0xa6,0x34,0xff,0xa5,0xf2,0xe0,0xa2,0x3b,
  0xa4,0xf0,0x72,0x60,0x24,0x22,0x22,0x93,0xd3,0x6,0x1e,0x9a,0xfd,0xd9,0xc8,0x66,
  0x6,0x2e,0x6,0xae,0x20,0x7d,0x73,0xe0,0x47,0xa4,0x33,0x6d,0x47,0x90,0xee,0xd8,
  0x77,0x7,0xe0,0x94,0x6c,0xd4,0xef,0x9b,0x3a,0x22,0xb2,0xd3,0xfe,0x67,0x29,0xe0,
  0xe3,0xc1,0x4,0x20,0x94,0x29,0xf4,0x49,0xb7,0x17,0x14,0x91,0x9d,0xb1,0x4c,0xba,
  0x59,0xcf,0xbd,0xc,0x85,0x88,0xcc,0xc1,0xfc,0x57,0x32,0xe3,0x4f,0xa,0x49,0x40,
  0x8f,0xc0,0xe8,0x62,0xdb,0x33,0x82,0xac,0xf0,0x9a,0x71,0x14,0x11,0x11,0xa9,0x95,
  0xf9,0xaf,0x96,0x46,0xfe,0x49,0x71,0x30,0x5f,0x4e,0x0,0x3a,0x1,0xf3,0x5f,0x67,
  0xba,0x57,0x99,0x44,0x44,0x44,0xa4,0x1a,0xf3,0xdf,0x13,0x30,0xff,0xcd,0xc2,0xef,
  0x5b,0x12,0x80,0x90,0xf9,0x6f,0x68,0xfe,0x22,0x22,0x22,0xb5,0x62,0x6f,0xf6,0xb3,
  0x5f,0xf0,0xf3,0xfd,0x94,0xd6,0xf2,0xe5,0x9,0x40,0x79,0xa5,0x7f,0xb0,0xb0,0x88,
  0x88,0x88,0x44,0x4d,0x3e,0x98,0x4f,0x4a,0x83,0xf9,0x6d,0x7e,0x1e,0x4a,0x0,0x12,
  0xe0,0x80,0xe6,0x2f,0x22,0x22,0x52,0x3b,0x42,0x8f,0xf1,0x83,0x7e,0xde,0xd,0x8c,
  0xfc,0x7b,0x9a,0xbf,0x88,0x88,0x48,0xad,0xe9,0x93,0x2e,0xe0,0x1f,0xf8,0x18,0xbf,
  0xbc,0x11,0x90,0xe6,0x2f,0x22,0x22,0x52,0x6f,0x12,0x60,0x1f,0x23,0xd6,0xf0,0x75,
  0xb,0x85,0x5d,0xec,0x27,0x22,0x22,0x52,0x7f,0xf3,0x1f,0xeb,0x20,0xb2,0x76,0xe1,
  0x3,0x22,0x22,0x22,0x52,0x6f,0x7a,0xe3,0xe,0xe8,0x3d,0xe4,0x47,0x44,0x44,0xa4,
  0x81,0x98,0x0,0x88,0x88,0x88,0x98,0x0,0x88,0x88,0x88,0x88,0x9,0x80,0x88,0x88,
  0x88,0x98,0x0,0x88,0x88,0x88,0xc8,0x42,0xd0,0x1a,0xf7,0xac,0xf1,0x36,0xe9,0xf6,
  0x82,0x22,0x22,0x22,0x52,0x63,0xe3,0xcf,0x3c,0x3d,0x19,0x67,0x6,0x20,0x3f,0x55,
  0xa8,0x65,0xdc,0x44,0x44,0x44,0x6a,0x6d,0xfe,0x9d,0xa2,0xb9,0x8f,0x32,0xff,0x55,
  0x7c,0x54,0x20,0x22,0x22,0x52,0x77,0xf3,0xef,0x16,0x7,0xf3,0xed,0x11,0x85,0x57,
  0x1c,0xf9,0x8b,0x88,0x88,0xd4,0xde,0xfc,0x97,0x4a,0x7e,0x9e,0x74,0x87,0x14,0x5e,
  0x66,0xfb,0xa9,0x42,0x22,0x22,0x22,0x52,0x1f,0xda,0x99,0xf9,0x97,0x7d,0x3c,0xb8,
  0x6,0x20,0x94,0x29,0xf4,0x49,0xb7,0x17,0x14,0x11,0x11,0x91,0xfa,0x98,0xff,0x4a,
  0x60,0x30,0xdf,0x83,0xed,0xc7,0x1,0x6f,0x7b,0x46,0x90,0x15,0x5e,0x33,0x8e,0x22,
  0x22,0x22,0xb5,0x32,0xff,0xd5,0xd2,0xc8,0x3f,0x29,0xe,0xe6,0xcb,0x9,0x40,0x27,
  0x60,0xfe,0xeb,0x78,0x52,0xa0,0x88,0x88,0x48,0x9d,0xcc,0x7f,0x4f,0xc0,0xfc,0x37,
  0xb,0xbf,0x6f,0x49,0x0,0x42,0xe6,0xbf,0xa1,0xf9,0x8b,0x88,0x88,0xd4,0x8a,0xbd,
  0xd9,0xcf,0x7e,0xc1,0xcf,0xf7,0x53,0x5a,0xcb,0x97,0x27,0x0,0xe5,0x95,0xfe,0xc1,
  0xc2,0x22,0x22,0x22,0x12,0x35,0xf9,0x60,0x3e,0x29,0xd,0xe6,0xb7,0xf9,0x79,0x28,
  0x1,0x48,0x80,0x3,0x9a,0xbf,0x88,0x88,0x48,0xed,0x8,0x3d,0xc6,0xf,0xfa,0x79,
  0x37,0x30,0xf2,0xef,0x69,0xfe,0x22,0x22,0x22,0xb5,0xa6,0x4f,0xba,0x80,0x7f,0xe0,
  0x63,0xfc,0xf2,0x6b,0x80,0x9a,0xbf,0x88,0x88,0x48,0xbd,0x49,0x80,0x7d,0x8c,0x58,
  0xc3,0xd7,0x2d,0x14,0x76,0xb1,0x9f,0x88,0x88,0x48,0xfd,0xcd,0xff,0x86,0x71,0x3c,
  0xbd,0x5d,0xf8,0x80,0x88,0x88,0x88,0xd4,0x9b,0xde,0xb8,0x3,0x7a,0xf,0xf9,0x11,
  0x11,0x11,0x69,0x20,0x26,0x0,0x22,0x22,0x22,0x26,0x0,0x22,0x22,0x22,0x62,0x2,
  0x20,0x22,0x22,0x22,0x26,0x0,0x22,0x22,0x22,0xb2,0x10,0xb4,0xba,0x13,0x24,0xa,
  0x1d,0xe3,0x25,0x22,0x22,0x52,0x6f,0xe3,0xcf,0x3c,0x3d,0x19,0x67,0x6,0x20,0x3f,
  0x55,0xa8,0x65,0xdc,0x44,0x44,0x44,0x6a,0x6d,0xfe,0x9d,0xa2,0xb9,0x8f,0x32,0xff,
  0x55,0x7c,0x54,0x20,0x22,0x22,0x52,0x77,0xf3,0xef,0x16,0x7,0xf3,0xed,0x11,0x85,
  0x57,0x1c,0xf9,0x8b,0x88,0x88,0xd4,0xde,0xfc,0x97,0x4a,0x7e,0x9e,0x74,0x87,0x14,
  0x5e,0x2e,0x15,0xfe,0x34,0x70,0x3d,0xd3,0xed,0x1a,0xb8,0x65,0xda,0xa1,0x40,0x4f,
  0x3d,0xf5,0xd4,0x53,0x4f,0x3d,0xf5,0xd4,0x9b,0x99,0xde,0xa5,0xa5,0xdf,0xdb,0x99,
  0xf9,0x53,0xfa,0x7c,0xd2,0x4a,0x92,0x64,0x50,0xa6,0xd0,0xce,0xfe,0xe4,0x49,0xc0,
  0xc8,0x83,0x5,0x6,0xd0,0x6,0xf6,0xb2,0xfd,0x88,0xc2,0x1b,0xd4,0x53,0x4f,0x3d,
  0xf5,0xd4,0x53,0x4f,0xbd,0x5d,0xd5,0x5b,0xc9,0x34,0xf2,0x33,0x7f,0xfa,0xc0,0x26,
  0x6c,0x3f,0xe,0x78,0xdb,0x33,0x82,0xec,0x43,0x6b,0x6,0x5b,0x3d,0xf5,0xd4,0x53,
  0x4f,0x3d,0xf5,0x6a,0xa5,0xb7,0x5a,0x1a,0xf9,0x27,0xd9,0x4c,0x2,0xa1,0x4,0xa0,
  0x13,0xf8,0xf2,0x75,0x83,0xad,0x9e,0x7a,0xea,0xa9,0xa7,0x9e,0x7a,0xb5,0xd2,0xdb,
  0x13,0x30,0xff,0xcd,0xc2,0xef,0x5b,0x12,0x80,0x90,0xf9,0x6f,0x18,0x6c,0xf5,0xd4,
  0x53,0x4f,0x3d,0xf5,0xd4,0xab,0x9d,0x1e,0x85,0xcf,0x27,0xc0,0x7e,0x4a,0x6b,0x8,
  0xf2,0x4,0xa0,0xbc,0xd2,0x3f,0x58,0xd8,0x60,0xab,0xa7,0x9e,0x7a,0xea,0xa9,0xa7,
  0x5e,0x2d,0xf4,0x92,0xd2,0x60,0x7e,0x9b,0x9f,0x87,0x12,0x80,0x4,0x38,0xa0,0xf9,
  0xab,0xa7,0x9e,0x7a,0xea,0xa9,0xa7,0x5e,0xed,0xf5,0xd6,0x7,0xf9,0x79,0x37,0x30,
  0xf2,0x9f,0xf6,0xd5,0x5,0x83,0xad,0x9e,0x7a,0xea,0xa9,0xa7,0x9e,0x7a,0x71,0xe8,
  0xf5,0x19,0xb1,0x80,0xbf,0xbc,0x11,0x90,0xe6,0xaf,0x9e,0x7a,0xea,0xa9,0xa7,0x9e,
  0x7a,0xf5,0xd7,0x1b,0xf9,0xea,0x7e,0xb7,0x50,0x78,0x9a,0x2f,0x36,0xd8,0xea,0xa9,
  0xa7,0x9e,0x7a,0xea,0xa9,0x57,0x43,0xbd,0xd0,0x46,0x40,0x83,0x58,0x65,0xfb,0xee,
  0x44,0x6d,0xe0,0xf0,0xd2,0x4c,0x42,0x1f,0xf8,0xd1,0xe,0x2e,0x46,0x3d,0xf5,0xd4,
  0x53,0x4f,0x3d,0xf5,0xd4,0x9b,0x4e,0xef,0x7,0x99,0xe6,0x48,0x26,0x49,0x0,0x3e,
  0x1,0xdc,0x13,0x11,0x11,0x11,0x89,0x95,0xb,0x81,0x33,0xc7,0xcd,0x20,0x44,0x44,
  0x44,0xa4,0x61,0x98,0x0,0x88,0x88,0x88,0x98,0x0,0x88,0x88,0x88,0x88,0x9,0x80,
  0x88,0x88,0x88,0x2c,0x22,0xad,0xee,0x4,0x89,0x42,0xc7,0x78,0x89,0x88,0x88,0xd4,
  0xdb,0xf8,0x33,0x4f,0x4f,0xc6,0x99,0x1,0xc8,0x4f,0x15,0x6a,0x19,0x37,0x11,0x11,
  0x91,0x5a,0x9b,0x7f,0xa7,0x68,0xee,0xa3,0xcc,0x7f,0x15,0x1f,0x15,0x88,0x88,0x88,
  0xd4,0xdd,0xfc,0xbb,0xc5,0xc1,0x7c,0x7b,0x44,0xe1,0x15,0x47,0xfe,0x22,0x22,0x22,
  0xb5,0x37,0xff,0xa5,0x92,0x9f,0x27,0xdd,0x21,0x85,0x97,0xd9,0xbe,0xbd,0xa0,0x88,
  0x88,0x88,0xd4,0x87,0x76,0x66,0xfe,0x65,0x1f,0xf,0xae,0x1,0x8,0x65,0xa,0x7d,
  0xd2,0x83,0x82,0x44,0x44,0x44,0xa4,0x3e,0xe6,0xbf,0x12,0x18,0xcc,0xf7,0x60,0xfb,
  0x71,0xc0,0xdb,0x9e,0x11,0x64,0x85,0xd7,0x8c,0xa3,0x88,0x88,0x48,0xad,0xcc,0x7f,
  0xb5,0x34,0xf2,0x4f,0x8a,0x83,0xf9,0x72,0x2,0xd0,0x9,0x98,0xff,0x3a,0xd3,0x9f,
  0x14,0x28,0x22,0x22,0x22,0xf3,0x37,0xff,0x3d,0x1,0xf3,0xdf,0x2c,0xfc,0xbe,0x25,
  0x1,0x8,0x99,0xff,0x86,0xe6,0x2f,0x22,0x22,0x52,0x2b,0xf6,0x66,0x3f,0xfb,0x5,
  0x3f,0xdf,0x4f,0x69,0x2d,0x5f,0x9e,0x0,0x94,0x57,0xfa,0x7,0xb,0x8b,0x88,0x88,
  0x48,0xd4,0xe4,0x83,0xf9,0xa4,0x34,0x98,0xdf,0xe6,0xe7,0xa1,0x4,0x20,0x1,0xe,
  0x68,0xfe,0x22,0x22,0x22,0xb5,0x23,0xf4,0x18,0x3f,0xe8,0xe7,0xdd,0xc0,0xc8,0xbf,
  0xa7,0xf9,0x8b,0x88,0x88,0xd4,0x9a,0x3e,0xe9,0x2,0xfe,0x81,0x8f,0xf1,0xcb,0xaf,
  0x1,0x6a,0xfe,0x22,0x22,0x22,0xf5,0x26,0x1,0xf6,0x31,0x62,0xd,0x5f,0xb7,0x50,
  0xd8,0xc5,0x7e,0x22,0x22,0x22,0xf5,0x37,0xff,0x1b,0xc6,0xf1,0xf4,0x76,0xe1,0x3,
  0x22,0x22,0x22,0x52,0x6f,0x7a,0xe3,0xe,0xe8,0x3d,0xe4,0x47,0x44,0x44,0xa4,0x81,
  0x98,0x0,0x88,0x88,0x88,0x98,0x0,0x88,0x88,0x88,0x88,0x9,0x80,0x88,0x88,0x88,
  0x98,0x0,0x88,0x88,0x88,0xc8,0x42,0xd0,0xea,0x4e,0x90,0x28,0x74,0x8c,0x97,0x88,
  0x88,0x48,0xbd,0x8d,0x3f,0xf3,0xf4,0x64,0x9c,0x19,0x80,0xfc,0x54,0xa1,0x96,0x71,
  0x13,0x11,0x11,0xa9,0xb5,0xf9,0x77,0x8a,0xe6,0x3e,0xca,0xfc,0x57,0xf1,0x51,0x81,
  0x88,0x88,0x48,0xdd,0xcd,0xbf,0x5b,0x1c,0xcc,0x77,0x47,0x14,0x5e,0x71,0xe4,0xbf,
  0x85,0xef,0x2,0x97,0x0,0xdf,0x61,0xf4,0x46,0xb,0xdb,0x82,0x4d,0xe0,0x3c,0xe6,
  0x42,0xd9,0xa3,0x81,0x93,0x80,0x5b,0xd5,0x24,0x16,0x7d,0xe0,0xdf,0x80,0x7f,0x27,
  0xdd,0x75,0x6a,0x92,0xeb,0x1d,0xc5,0x12,0x70,0x2c,0x70,0xb7,0xac,0xe,0xd6,0x81,
  0x1f,0x66,0x75,0xe3,0x1b,0xa4,0x87,0x69,0xed,0xb8,0x71,0x16,0xe2,0x77,0x4,0x70,
  0x27,0xe0,0x8e,0x35,0x6a,0x2b,0x5f,0x6,0x2e,0x3,0xae,0x9d,0x41,0xfb,0x28,0xd2,
  0x5,0x6e,0x99,0xd5,0x8d,0x23,0x6a,0x12,0x8b,0x75,0xe0,0x73,0xc0,0xb7,0x48,0x4f,
  0x59,0xdd,0x69,0xfb,0x28,0xc6,0x6f,0x2f,0x70,0x7b,0xe0,0x84,0x1a,0xd,0xd4,0xbe,
  0x5,0x7c,0x1e,0xf8,0xde,0x4,0xd7,0x3e,0x4e,0x7d,0x69,0x3,0x37,0x7,0x4e,0x6,
  0x6e,0xa1,0x5d,0x6d,0x8b,0xdf,0x52,0x16,0xab,0x83,0xa7,0x4,0x76,0x87,0x14,0x5e,
  0xe,0x4,0xbb,0xa9,0xbc,0x1b,0x78,0x29,0xf0,0x89,0x31,0xe3,0xd0,0xce,0x1a,0x66,
  0x39,0x7e,0xe3,0x6c,0xcf,0x78,0xa,0xf0,0x3f,0x80,0xc7,0x44,0x9a,0x7c,0x5d,0x7,
  0xbc,0xc,0x78,0x3d,0x70,0xd5,0xc,0xae,0x77,0x58,0xfc,0xe,0x7,0xce,0xce,0xe2,
  0xf1,0x93,0x91,0xd6,0x8d,0x8b,0x80,0x57,0x0,0xff,0x4,0x5c,0xbf,0xc3,0xeb,0x1d,
  0x15,0xbf,0xdb,0x3,0x4f,0x4,0x9e,0x90,0xb5,0xcf,0xd8,0xd8,0xf,0x9c,0xb,0xbc,
  0x3a,0x4b,0xc,0x77,0xa3,0x7d,0x14,0x13,0x81,0x7,0x2,0xcf,0x2,0xee,0x19,0x69,
  0xdd,0xf8,0x12,0xf0,0x42,0xe0,0x1d,0xd9,0x35,0xcf,0xba,0x7d,0x14,0xf5,0x8e,0x6,
  0x1e,0x5,0x3c,0x3,0xb8,0x69,0x84,0xb1,0x48,0x80,0xbf,0xcd,0xfa,0x8e,0x8b,0x76,
  0xa9,0x7d,0x14,0x39,0x3,0x78,0x26,0xf0,0x70,0xbd,0x9f,0x76,0x66,0xfe,0x65,0x1f,
  0x4f,0x5a,0x49,0x92,0xc,0xca,0x14,0xda,0xa5,0x4a,0xfb,0x4f,0x11,0x37,0xb4,0xdd,
  0xe2,0x7a,0xe0,0x57,0xb2,0x4,0x60,0x37,0x2b,0x6b,0x88,0x7b,0x1,0x6f,0x3,0x8e,
  0x89,0x28,0x1e,0x1f,0x2,0x7e,0x29,0x9b,0x1,0x99,0xf5,0xf5,0xe,0xd3,0xeb,0x64,
  0x1d,0xfd,0xef,0x44,0x14,0x8b,0x4d,0xe0,0xd9,0xc0,0x6b,0xb3,0xeb,0x9c,0xe5,0xf5,
  0x8e,0x8a,0xdf,0x71,0xc0,0xdb,0x81,0xbb,0x44,0x14,0x8f,0xcb,0x80,0x47,0x2,0x97,
  0xcf,0xa9,0x7d,0x14,0xf5,0x9e,0xa,0xfc,0x49,0xa1,0x93,0x8b,0x81,0x57,0x64,0x75,
  0x76,0x73,0xe,0xed,0xa3,0xa8,0x77,0x33,0xe0,0xaf,0x81,0xfb,0x47,0x14,0x8b,0xef,
  0x1,0x8f,0xce,0xfa,0x8f,0x79,0xb4,0x8f,0x22,0xf,0xce,0xe2,0x11,0x63,0x52,0xb4,
  0x5b,0x5c,0x8,0x9c,0x59,0x88,0xdf,0x4a,0x61,0xe4,0xdf,0xcf,0xfe,0x6c,0x12,0x98,
  0x32,0x1a,0x34,0xcd,0xb2,0xaf,0x81,0x59,0xd3,0xf5,0xc0,0xbd,0x2b,0x32,0x7f,0x80,
  0x8f,0x67,0x37,0xf1,0x5b,0x91,0xc4,0xe3,0x9d,0xd9,0x88,0x6b,0xde,0xe6,0x9f,0x64,
  0xb3,0xe,0xbf,0xb,0x3c,0x2d,0x92,0x58,0xf4,0xb2,0xc4,0xf0,0xdc,0xa,0xcc,0x1f,
  0xe0,0x8a,0x2c,0x41,0xfc,0x4c,0x24,0xf1,0xb8,0x24,0x1b,0x1c,0x54,0x61,0xfe,0x7b,
  0x81,0x37,0x64,0x89,0xe9,0x81,0x48,0xe2,0xf1,0xbb,0xc0,0xd3,0x2b,0x30,0xff,0xdc,
  0x6c,0x1f,0x9c,0xcd,0x3a,0xc4,0xc0,0x77,0xb2,0x7e,0xac,0xa,0xf3,0x7,0x78,0x2f,
  0x70,0x16,0xf0,0xfd,0x86,0x8e,0xfc,0x57,0x3,0xf1,0xeb,0x15,0xb,0x50,0x1a,0x69,
  0x95,0xb,0xaf,0xd1,0xcc,0x93,0x2,0xff,0x1b,0xe9,0x73,0xaa,0x2a,0xcc,0x3f,0xd7,
  0xbb,0x3a,0xfb,0x77,0xf4,0x2a,0x8e,0xc5,0x15,0x59,0x7,0xbb,0x59,0x81,0xf9,0x17,
  0xf5,0xfe,0x8c,0xf4,0xd1,0x43,0xd5,0x3c,0x3f,0xeb,0x58,0x76,0xfb,0x7a,0x47,0x25,
  0xa8,0x67,0x47,0xd0,0xb1,0x5d,0x7,0x3c,0x34,0xfb,0x59,0x85,0xf9,0xe7,0x7a,0xff,
  0xc,0xfc,0x41,0x4,0x75,0xe3,0xaf,0x81,0x97,0x54,0xd4,0x3e,0x8a,0x9,0xea,0x7f,
  0x3,0x2e,0xad,0x38,0x16,0x7d,0xe0,0x17,0x18,0xfe,0x38,0x68,0x1e,0xf5,0xe5,0xd2,
  0x2c,0x1e,0x4d,0x33,0xff,0x3d,0x8c,0x58,0x63,0xd3,0x1e,0x61,0xfe,0xeb,0xd,0x35,
  0xff,0x77,0x2,0xef,0xa9,0xd8,0xfc,0x73,0xbd,0x8b,0xb3,0x11,0x4e,0x95,0x3c,0xa9,
  0x34,0xb,0x54,0x65,0xe7,0xf6,0x4c,0x6,0x2f,0x2c,0x9b,0x57,0x32,0xf4,0xca,0x8a,
  0xcd,0x3f,0xe7,0x5b,0xa4,0x8f,0x21,0xaa,0xe4,0xf,0x49,0x17,0x3e,0x56,0x69,0xfe,
  0xb9,0xde,0x4b,0x80,0xff,0x57,0x61,0x2c,0x7e,0x40,0x3a,0x4b,0x55,0x65,0xfb,0xc8,
  0x59,0xcf,0xda,0x6d,0x95,0xbc,0x91,0x74,0x26,0xb3,0x4a,0xf3,0xcf,0xf5,0x3e,0x1,
  0x9c,0xdf,0x20,0xf,0xdb,0x5b,0xf2,0xf7,0x84,0x74,0x8d,0x4e,0x52,0xe,0xc,0x6c,
  0x5f,0x6c,0x96,0x0,0x1b,0xd,0x35,0x7f,0xb2,0x8e,0x24,0x6,0xf3,0xcf,0x79,0x25,
  0xd5,0x2d,0xc2,0xbc,0x4,0xf8,0x60,0x24,0xe6,0x9f,0x8f,0x38,0x5f,0x57,0x61,0xdd,
  0x78,0x4d,0x96,0x45,0x57,0x6d,0xfe,0x39,0x6f,0xaa,0x30,0x21,0xfa,0x1,0xf0,0x97,
  0x91,0x98,0xff,0xd,0xd9,0x7d,0x79,0x79,0xc5,0x86,0x77,0x6d,0x4,0xe6,0x9f,0xf3,
  0x51,0x26,0x5f,0x70,0x37,0x4b,0x5e,0x1c,0x89,0xf9,0xe7,0x7a,0xaf,0x6c,0x88,0x7f,
  0x85,0x6,0xf3,0x1b,0x21,0xf,0x9,0x25,0x0,0xc1,0x4c,0xa1,0x41,0x7c,0x1b,0xf8,
  0x64,0x44,0xe6,0x9f,0x90,0x2e,0xb0,0xba,0xa4,0xc2,0xd9,0x90,0x58,0xcc,0x3f,0xe7,
  0xef,0x2b,0x8a,0x45,0x92,0xcd,0xc,0xc5,0x62,0xfe,0x6d,0xe0,0x30,0xd2,0xe9,0xef,
  0x2a,0x78,0x1f,0xc3,0xd7,0x7,0x55,0x51,0x5f,0xde,0x59,0xe1,0xc0,0xe5,0x5d,0x11,
  0x99,0x7f,0xce,0xdf,0x55,0x14,0x8b,0x4b,0x99,0x7c,0xea,0x7f,0xb7,0xeb,0xcb,0xe7,
  0x80,0x2b,0x1b,0xe0,0x61,0xa1,0x99,0xfc,0x64,0x50,0x80,0xca,0x1d,0xdc,0xb4,0xef,
  0xa5,0x2e,0xa,0x9f,0x8d,0xcc,0xfc,0x73,0xbd,0xaa,0x16,0x7c,0x5d,0x14,0x99,0xf9,
  0xe7,0xd,0xb9,0x8a,0x3a,0xfa,0xd,0xe0,0x6b,0x11,0x99,0x7f,0xae,0xf7,0xb9,0x8,
  0xdb,0x4a,0x55,0xf5,0xe5,0x7a,0xe0,0x2b,0x15,0xc5,0xe3,0xf2,0xc8,0xcc,0x1f,0xd2,
  0x47,0x88,0x55,0x70,0x71,0x44,0xed,0xa3,0xa8,0x57,0xe5,0x8c,0xc8,0xbc,0xe9,0x33,
  0x62,0xd,0x5f,0x39,0x1,0xe8,0x35,0xdc,0xfc,0x61,0xeb,0x2a,0xf7,0x98,0x3a,0xb7,
  0x6f,0x57,0x18,0x8f,0x98,0xcc,0x1f,0xd2,0xe9,0xac,0xeb,0x2a,0x88,0xc5,0xb7,0x23,
  0x34,0x7f,0x48,0x57,0x7e,0x53,0x51,0x3c,0x62,0x32,0x7f,0x2a,0x6c,0x2b,0xfb,0xb2,
  0xce,0x36,0x26,0xf3,0x87,0x74,0xf3,0xb2,0x2a,0xf8,0x6e,0x44,0xed,0xa3,0xa8,0xf7,
  0x1d,0x9a,0x41,0xfe,0xf6,0xde,0xd0,0xf8,0x75,0xb,0x85,0x9b,0xfa,0xbc,0x3f,0x94,
  0x35,0xc5,0x66,0xfe,0x54,0x78,0x7f,0x12,0xe2,0x9b,0xd6,0xac,0x2a,0x1e,0x49,0x85,
  0xd7,0x3b,0x4c,0xaf,0x1f,0x51,0x5b,0x89,0x21,0x59,0xac,0x22,0x1e,0x9b,0x11,0x9a,
  0x7f,0xcc,0xfd,0x68,0x55,0xf5,0x65,0xb3,0x21,0xe6,0x3f,0x56,0xfc,0xda,0x3b,0xe8,
  0xd8,0x9a,0x48,0x6c,0x23,0xe1,0x79,0xb0,0xda,0xb0,0xeb,0xad,0x63,0x7d,0x59,0xb7,
  0x7d,0xd4,0xaf,0xf3,0x9d,0x53,0xfc,0x56,0x6d,0x1f,0xb,0xdb,0xbf,0xc,0xa2,0x37,
  0xee,0xf5,0x7a,0xc8,0x8f,0x95,0x75,0x14,0x36,0xce,0xf8,0xeb,0x4b,0x62,0xfb,0xd0,
  0xfc,0x7,0xe8,0xb5,0x6d,0x1f,0xce,0x6e,0x9b,0x0,0x58,0x59,0x17,0xad,0x73,0x6b,
  0x59,0x5f,0xa2,0xa9,0x2f,0xb6,0x8f,0x94,0xd8,0xcc,0xbf,0x65,0xfb,0xd0,0xfc,0x4d,
  0x0,0xac,0xac,0x8b,0x38,0xb2,0xb1,0xbe,0x68,0xfe,0xb1,0xb5,0x11,0xcd,0xdf,0xfa,
  0x62,0x2,0xa0,0xf9,0x6b,0xfe,0x76,0x6e,0x8d,0xa8,0x2f,0x2d,0xdb,0x47,0xf4,0xf5,
  0xa5,0x6f,0xfb,0x10,0x13,0x0,0x2b,0xeb,0xb4,0xac,0xa1,0xf9,0x5b,0x5f,0xc2,0xac,
  0xd8,0x3e,0xa2,0xaf,0x2f,0x6b,0xb6,0xf,0x19,0x94,0xc0,0x77,0x27,0x8,0x76,0x47,
  0xf3,0x6f,0x64,0x65,0xd5,0xfc,0xad,0x2f,0xc3,0x66,0x0,0x62,0xbc,0xde,0x96,0xfd,
  0x8b,0x8f,0x89,0x64,0x68,0xfb,0x68,0x3,0x49,0x7b,0xcc,0x60,0xef,0xa9,0x41,0xa3,
  0x9a,0x65,0x70,0xac,0xac,0xf1,0x37,0xf6,0xa4,0x61,0xd7,0xeb,0x63,0xa2,0xf1,0xf5,
  0xda,0xb6,0xf,0xcd,0x5f,0x6,0xfa,0x5b,0xa7,0x18,0xcc,0x51,0xc1,0x5e,0xcd,0x7e,
  0xf6,0x1a,0x12,0xa0,0xae,0x95,0xb5,0x16,0x8d,0xdd,0xce,0x5c,0xf3,0x1f,0x47,0x4f,
  0xf3,0xf7,0x7a,0x9b,0x46,0x6f,0x88,0xf9,0x6f,0xf1,0xb7,0xf6,0x88,0x4c,0xa1,0xf8,
  0x8c,0xef,0x40,0x83,0x32,0xa4,0x18,0x2b,0xab,0xd3,0x9a,0x76,0x6e,0x9a,0xbf,0xe6,
  0x5f,0x97,0xfa,0xe2,0x4c,0x6a,0x75,0x1c,0x18,0x70,0x3f,0x96,0xca,0xf1,0xeb,0xe,
  0xb9,0x79,0xcb,0xa5,0xc2,0x6b,0xd,0xb,0x62,0x6c,0x9d,0xdb,0x92,0xe6,0xaf,0xf9,
  0x47,0xc6,0xba,0xe6,0x6f,0x7d,0x19,0xc0,0x61,0xb6,0x8f,0xca,0x58,0x1b,0xe2,0x1f,
  0xc5,0x47,0xa7,0xc1,0x35,0x0,0xa1,0x4c,0xa1,0xf,0x5c,0xa3,0xf9,0xdb,0xb9,0xd9,
  0xb9,0x69,0xfe,0xa5,0x7f,0x67,0xac,0xf1,0xb3,0x7d,0x54,0x3f,0x3,0x10,0xe3,0xf5,
  0x36,0x61,0x2d,0xdb,0x75,0xa5,0xf8,0x85,0xde,0xd6,0xe9,0xc1,0xa1,0xc3,0x80,0x8a,
  0xc1,0x9,0x3d,0x3,0x5f,0xa3,0xba,0x53,0xa5,0x34,0x7f,0xcd,0x3f,0xa6,0xce,0x4d,
  0xf3,0x8f,0xbf,0xbe,0xf4,0x6d,0x1f,0xf6,0xa7,0x3,0xf4,0xe,0x6b,0x80,0x87,0x7d,
  0xaf,0x70,0xbd,0xab,0xa5,0xa4,0xf8,0xa0,0xf9,0x87,0x12,0x80,0xe,0xe1,0x83,0x46,
  0xfa,0xc0,0x55,0xd,0x49,0x0,0x36,0x35,0x7f,0x3b,0xb7,0x1,0x74,0x34,0xff,0x5a,
  0xd4,0x17,0xcf,0x46,0xd0,0xfc,0x7,0xe9,0x35,0x81,0x6f,0x71,0xe8,0xed,0xbd,0xb2,
  0xf9,0x6f,0x16,0xdb,0x47,0x77,0x44,0xe7,0xb6,0x51,0x8,0xf6,0x57,0x1b,0x34,0x3,
  0x10,0x6b,0x63,0xd7,0xfc,0xed,0xdc,0x42,0xb8,0x40,0xd4,0xc7,0x44,0xb6,0x8f,0xfa,
  0xe,0xa6,0x66,0xcd,0xd7,0xb,0xc9,0x4e,0xbf,0x10,0xbf,0xfd,0x65,0x1f,0xe9,0xe,
  0xe8,0x40,0x42,0x85,0xbf,0x84,0x54,0xd9,0xd8,0xf7,0xdb,0x99,0xdb,0xb9,0xd,0xd0,
  0x5b,0xb1,0x7d,0x68,0xfe,0x91,0x71,0x40,0xf3,0xaf,0x8c,0x2b,0xb3,0xeb,0x4d,0x4a,
  0x83,0xf9,0x24,0x14,0x1c,0x6,0x98,0x4d,0xb9,0xf0,0x15,0xb8,0xe2,0xb2,0xca,0xc6,
  0xee,0xb4,0xa6,0xe6,0x5f,0xb7,0xce,0x4d,0xf3,0x77,0x81,0xa8,0xed,0x63,0xbe,0xf4,
  0x80,0xaf,0x94,0xe2,0xb7,0x3e,0xe8,0x7e,0xb4,0x3,0x37,0x6d,0x73,0x40,0xe1,0xb5,
  0x2c,0x9,0x10,0x3b,0xb7,0x26,0x77,0x6e,0x9a,0xbf,0xf5,0x65,0x10,0xb6,0x8f,0xf8,
  0xeb,0xcb,0xa2,0xef,0x67,0xf3,0x65,0xe,0xbd,0x6,0xd8,0x67,0xc4,0x59,0x2e,0xed,
  0x40,0xf6,0x30,0x2c,0x73,0xfb,0x74,0x3,0x8c,0xbd,0x15,0x51,0x65,0x2d,0xea,0xb5,
  0x2a,0x8c,0x47,0x8c,0x9d,0x79,0x15,0xf1,0xe8,0x69,0xfe,0x63,0xdd,0x83,0xaa,0xeb,
  0x4b,0x15,0x71,0x89,0x75,0x7,0xd1,0x56,0x64,0x75,0xa3,0xea,0xfa,0xb2,0xe8,0xb3,
  0x1,0x17,0x17,0xae,0x77,0xdf,0xa8,0xf8,0xb5,0xb,0x85,0x47,0x99,0x3f,0xc0,0x27,
  0x1b,0x90,0x0,0x1c,0x1d,0xe9,0xc8,0xe6,0xe8,0x8a,0xe2,0x71,0xf3,0x8,0xcd,0xbf,
  0xb,0x1c,0x51,0x41,0x2c,0x8e,0x8a,0xd4,0xfc,0x6f,0x12,0x51,0x5b,0x89,0x21,0x59,
  0xac,0xa2,0xad,0xec,0x21,0xdd,0x3c,0x2d,0xb6,0x91,0x7f,0x55,0xfd,0xc6,0x91,0x91,
  0xce,0x14,0x55,0x15,0x8f,0x79,0xf1,0xaf,0x93,0xc4,0xaf,0x98,0x0,0x8c,0xc3,0x87,
  0x1b,0x90,0x0,0x9c,0x18,0xa1,0xf9,0x3,0x9c,0x5c,0x51,0x3c,0xee,0x1e,0xe1,0xc8,
  0xe6,0xa7,0xa8,0xe6,0x74,0xca,0xdb,0x1,0x37,0x8a,0x70,0x64,0x73,0x42,0x24,0x6d,
  0x25,0x6,0xf3,0x5f,0x5,0xee,0x58,0xd1,0x88,0xf7,0xce,0xc4,0xb7,0x46,0xe4,0xee,
  0x15,0xd5,0x8d,0x93,0x22,0x34,0xff,0x2a,0xfb,0xd1,0x79,0xf1,0xb1,0x49,0xe2,0x37,
  0xe9,0xa9,0x59,0x5f,0x2,0xfe,0x73,0xc1,0x3,0x78,0x5b,0xe0,0x2e,0x91,0x99,0xff,
  0xcd,0x81,0xd3,0x2b,0x8a,0xc7,0x83,0x23,0x33,0x7f,0x80,0x87,0x56,0x14,0x8b,0x36,
  0xf0,0x90,0xc8,0xcc,0x7f,0xd,0x78,0x50,0x85,0x75,0xa3,0x1b,0x91,0xf9,0x93,0xc5,
  0xa2,0xaa,0xcd,0x5e,0x1e,0x48,0x7c,0x6b,0x44,0x1e,0x5c,0x51,0x2c,0x4e,0x1,0x6e,
  0x15,0x99,0xf9,0x1f,0x57,0x51,0x72,0x38,0x2f,0xbe,0xa,0xfc,0xbf,0x49,0xe2,0x37,
  0xcd,0xb1,0x99,0xef,0x69,0xc0,0x2c,0xc0,0xd3,0x22,0x1b,0xd9,0x3c,0xa9,0xa2,0x11,
  0x2f,0xc0,0x4f,0x67,0x59,0x73,0x2c,0xe6,0xbf,0x2,0xfc,0x56,0x85,0x75,0xe3,0xa9,
  0x91,0x8d,0x6c,0xce,0x19,0xd1,0xd1,0xee,0x26,0x37,0x7,0x1e,0x4d,0x5c,0x6b,0x44,
  0x9e,0x56,0x61,0xdd,0xf8,0x15,0xa6,0x7b,0x25,0x73,0xb7,0xe2,0x77,0x17,0xe0,0xac,
  0xa,0x93,0xe5,0xa7,0x44,0x64,0xfe,0x55,0xd7,0x8d,0x79,0xf0,0xee,0x49,0xe3,0x37,
  0x4d,0x2,0xf0,0xae,0x6,0x24,0x0,0xbf,0x5a,0x18,0x71,0x57,0xdd,0xb9,0xdd,0x1,
  0x78,0x46,0xc5,0xf1,0x78,0x9,0x23,0x56,0x93,0xce,0xb1,0x73,0x7b,0xe,0x70,0xcb,
  0xa,0x63,0x71,0x8f,0xac,0x7e,0xc4,0x60,0xfe,0x7b,0x81,0x17,0x55,0x5c,0x37,0x5e,
  0x98,0x25,0x20,0x31,0x98,0xff,0xa3,0x81,0x7b,0x55,0x18,0x8b,0x5b,0x0,0x7f,0x14,
  0x89,0xf9,0x77,0x80,0x17,0x53,0xed,0xa2,0xb7,0xa7,0x0,0xc7,0x47,0x62,0xfe,0xa7,
  0x0,0xbf,0xbe,0xe0,0xbe,0xf5,0xf6,0x69,0x82,0x37,0x69,0xf9,0x8b,0x59,0xfc,0x6d,
  0x81,0xdb,0xc0,0x3b,0x80,0x1f,0xaf,0xd8,0xfc,0x6f,0x2,0x9c,0xcf,0xa1,0x2d,0x1d,
  0xab,0xe2,0xee,0xc0,0x2b,0x22,0x30,0xff,0x73,0x80,0x67,0x45,0x50,0x3f,0x5e,0x45,
  0xf8,0xd9,0xea,0x3c,0x3b,0xb7,0xe,0x70,0x1e,0x70,0x6c,0xc5,0xb1,0xb8,0x35,0xf0,
  0x26,0xb6,0x9e,0x36,0x56,0x85,0xf9,0xdf,0x15,0x78,0x6d,0x4,0x75,0xe3,0x19,0xc0,
  0x2f,0x56,0x6c,0xfe,0x2d,0xe0,0xf9,0xc0,0x19,0x15,0xc7,0x62,0x25,0xeb,0xbf,0x8e,
  0xaa,0xd8,0xfc,0x8f,0xc9,0xfa,0xf3,0xee,0x2,0x7b,0xd6,0xd7,0x81,0xb,0x77,0x33,
  0x1,0x28,0xee,0xa5,0x7c,0x5e,0x3,0x66,0x1,0x6e,0xd,0x7c,0x82,0xad,0x8b,0x59,
  0xe6,0x3d,0xf2,0xff,0x38,0xe9,0xc2,0xa2,0x18,0x78,0x22,0xf0,0x6,0xe,0x1d,0x2e,
  0x31,0xef,0xce,0xed,0xf1,0xc0,0xdf,0x30,0xdd,0xac,0xd5,0xac,0x39,0x1c,0xf8,0x20,
  0x5b,0xd7,0x3,0xcc,0xb3,0x73,0xbb,0x29,0xf0,0xf,0x54,0xf7,0x7c,0xb7,0xcc,0xcf,
  0x64,0xa3,0x8f,0xa3,0x2a,0x32,0xff,0x7,0x0,0x17,0x30,0xd9,0x2,0xcd,0xdd,0xa2,
  0x5,0xbc,0x35,0x6b,0x2f,0x55,0x98,0xff,0xa,0xf0,0xa7,0xc0,0x13,0x22,0xa9,0x1b,
  0xc7,0x67,0xfd,0xd8,0xf1,0x15,0x99,0xff,0x89,0x59,0x3f,0x7e,0xdb,0x5,0xf7,0xab,
  0x37,0x33,0xf9,0xe6,0x4b,0xad,0xf6,0x94,0xc1,0x7e,0x33,0xcd,0xd8,0x15,0xf0,0x36,
  0xc0,0x87,0x48,0xa7,0x39,0x8f,0x99,0x53,0xe7,0x76,0x33,0xe0,0xf,0x81,0xcf,0x47,
  0x64,0xfe,0x39,0x8f,0x25,0x5d,0x64,0xf2,0x68,0x86,0x2f,0xb4,0x9a,0x65,0xe7,0x76,
  0x6,0xf0,0xcf,0xc0,0xb9,0xc4,0x75,0x92,0xd7,0x8d,0x33,0x13,0x7e,0x2b,0xe9,0xb3,
  0xd6,0x79,0x74,0x6e,0x9,0xe9,0xfa,0x87,0xcb,0x81,0xfb,0x47,0x56,0x37,0xee,0x4d,
  0xfa,0xa,0xd2,0x13,0x99,0xfc,0xd0,0x95,0x69,0xeb,0xcb,0x9,0x59,0x5f,0xf4,0x3e,
  0xaa,0x7b,0x15,0x32,0x44,0x27,0x9b,0x25,0xba,0x80,0xf0,0x23,0x89,0xdd,0x30,0xff,
  0x23,0x48,0x67,0xc8,0x2e,0x64,0xf8,0x23,0xaa,0x2a,0x38,0x1,0xf8,0x2c,0xf0,0xec,
  0xac,0x7f,0x9b,0x87,0xf9,0xdf,0x92,0xf4,0xd1,0xe5,0x45,0xa4,0x6f,0xef,0x2c,0x32,
  0x3d,0xe0,0x75,0x13,0x26,0xa9,0x1d,0xa0,0xd5,0x4a,0x92,0x64,0x9c,0x60,0xef,0x61,
  0xeb,0x22,0xb4,0x24,0xeb,0xf8,0x1e,0x42,0x73,0xe8,0x3,0x9f,0xc9,0xfe,0x7c,0x87,
  0xc9,0x36,0xac,0x59,0x62,0xf8,0x76,0xcb,0xad,0xac,0x61,0x9c,0x4c,0xba,0xe8,0xae,
  0xe,0x53,0x55,0xd7,0x92,0xbe,0x72,0x72,0x5,0xf0,0xc3,0x9,0xaf,0x77,0x14,0xcb,
  0xa4,0x53,0xdb,0xf7,0xaa,0x51,0xe6,0xfe,0xc5,0xac,0xb3,0xb9,0x2a,0xbb,0xd6,0x49,
  0xae,0x77,0x54,0x7d,0x39,0x2,0xf8,0x49,0xe0,0x4c,0xaa,0x7f,0x1c,0x34,0xe,0x6b,
  0xd9,0xa8,0xef,0xd2,0xac,0x9e,0xec,0xb4,0x7d,0x14,0xe9,0x92,0xae,0x39,0x38,0x9d,
  0xf0,0xdb,0x3a,0x31,0xf2,0xb5,0x2c,0x1e,0x5f,0xcd,0xae,0x6b,0xa7,0xed,0xa3,0xc8,
  0x8d,0x32,0x83,0x3d,0x33,0x9b,0x19,0xaa,0x83,0x59,0x7d,0x3a,0x4b,0x8,0xbe,0xcb,
  0x74,0x1b,0x1b,0xd,0x8a,0x5f,0x8b,0x74,0x1d,0xc6,0xdd,0x80,0xd3,0x88,0x63,0xb6,
  0x70,0x1e,0xbc,0x13,0x78,0xf8,0x84,0xe6,0x9f,0x0,0xc9,0xa8,0x4,0x20,0x3f,0x4f,
  0xb8,0x78,0x52,0x60,0x9e,0x69,0x9d,0x45,0x33,0xf6,0x5,0x10,0x11,0x11,0x89,0x95,
  0x33,0x80,0x7f,0x19,0xd3,0xfc,0xbb,0x85,0x1,0x6d,0xd2,0x1e,0x51,0x78,0x65,0xc8,
  0x34,0xcb,0x47,0x68,0xc6,0xce,0x80,0x22,0x22,0x22,0x31,0xf2,0xe1,0x9,0xcc,0x7f,
  0xdb,0xcc,0x49,0x7b,0x48,0xe1,0x65,0x46,0x3f,0xa3,0x7a,0xae,0xf1,0x17,0x11,0x11,
  0xa9,0x84,0x71,0x3c,0xb8,0x1d,0xf0,0xf3,0x81,0x9,0x40,0x28,0x53,0xe8,0x13,0x5e,
  0xb0,0xf1,0x21,0xd2,0x5,0x5a,0x22,0x22,0x22,0x32,0x3f,0xde,0x4d,0xfa,0x86,0xc3,
  0x28,0xf3,0xf,0xcd,0xe4,0xf7,0x0,0xca,0x6b,0x0,0xf2,0x67,0x4,0xf9,0x33,0xff,
  0x3c,0x41,0x18,0xb6,0x9,0xcc,0x9d,0x81,0x4b,0xa8,0x6e,0xa7,0x3a,0x11,0x11,0x91,
  0x26,0xb1,0x3f,0xf3,0xde,0x2f,0x8d,0x30,0xff,0xd5,0xc2,0x20,0x3e,0x37,0xfe,0xcd,
  0xec,0xbf,0xb7,0xad,0x92,0xec,0x10,0xde,0x6b,0x7c,0xd8,0x4a,0xcd,0x4b,0x81,0x57,
  0x7a,0x3f,0x44,0x44,0x44,0xe6,0xc2,0x8b,0xc7,0x30,0xff,0x3d,0x1,0x3f,0x3f,0x68,
  0xfe,0xe5,0x19,0x80,0x4e,0xf6,0xa1,0xe2,0xc8,0x7f,0x3f,0xe3,0xbd,0xa6,0xb1,0x37,
  0x4b,0x4,0x8e,0xf5,0xbe,0x88,0x88,0x88,0xec,0x1a,0x57,0x90,0x6e,0x50,0xb7,0x31,
  0xc4,0xfc,0xf7,0x6,0x46,0xfe,0x1b,0x94,0x5e,0x35,0xcd,0x8d,0x7e,0xdb,0xe2,0x80,
  0xac,0xf0,0xb8,0xef,0x68,0xde,0x0,0xfc,0x1a,0xd3,0xbd,0xc7,0x2a,0x22,0x22,0x22,
  0xa3,0xd9,0x24,0x3d,0x74,0x6a,0x94,0xf9,0xb7,0x2,0x7e,0x9e,0x84,0xa,0xc3,0x6c,
  0x36,0xa5,0xb8,0x80,0xe9,0xf6,0x8b,0x17,0x11,0x11,0x91,0xd1,0xfc,0x11,0xe9,0x46,
  0x4a,0x93,0x98,0xff,0xfa,0x20,0x3f,0xcf,0x1f,0x1,0xe4,0x53,0xff,0xad,0x6c,0xaa,
  0x60,0x9a,0x91,0x7c,0x9b,0x74,0x3b,0xce,0xf7,0x3,0xa7,0x7a,0x9f,0x44,0x44,0x44,
  0x66,0xc6,0x7,0x80,0x7,0xe,0xf0,0xe7,0x90,0xf9,0xf7,0x80,0x7d,0xc,0x99,0xc9,
  0x2f,0x27,0x0,0xfd,0x1d,0x98,0x7f,0xfe,0xe5,0xb7,0x22,0xdd,0x9c,0xe0,0xe6,0xde,
  0x2f,0x11,0x11,0x91,0x1d,0xf3,0x15,0xd2,0xed,0x8d,0xbf,0x3f,0xc1,0xc8,0x7f,0xe4,
  0x59,0xb,0xed,0x42,0xe1,0x9d,0x8c,0xfc,0x8b,0x5f,0x7e,0x25,0xf0,0x98,0x6c,0xda,
  0x41,0x44,0x44,0x44,0xa6,0xe7,0x5a,0xe0,0xe7,0x67,0x6d,0xfe,0xe5,0x4,0x60,0x1a,
  0x6,0x7d,0xf9,0x87,0x81,0x5f,0xa6,0x19,0x27,0x6,0x8a,0x88,0x88,0xec,0x6,0xeb,
  0xc0,0xc3,0x48,0xf,0x1b,0x9b,0xa9,0xf9,0x17,0x13,0x80,0x59,0x9a,0x7f,0xfe,0xe5,
  0x7f,0x47,0x7a,0x74,0xa9,0x88,0x88,0x88,0x4c,0xc6,0x1,0xe0,0x11,0xa4,0xa7,0xae,
  0xce,0xdc,0xfc,0x77,0x92,0x0,0x8c,0xfb,0xe5,0x7f,0x49,0x7a,0x3e,0xb8,0xaf,0x7,
  0x8a,0x88,0x88,0x8c,0xc7,0x6,0xf0,0x48,0xe0,0xbd,0xbb,0x65,0xfe,0xb0,0x7d,0x2b,
  0xe0,0x59,0x9a,0x7f,0x91,0x5f,0x3,0xfe,0x2,0xb7,0xb,0x16,0x11,0x11,0x19,0xc6,
  0xd,0xc0,0x39,0x84,0xcf,0xd9,0x99,0x99,0xf9,0x4f,0x93,0x0,0xec,0xe4,0xcb,0xcf,
  0x6,0xce,0xe3,0xd0,0xde,0xc4,0x22,0x22,0x22,0x72,0x88,0xab,0x48,0x17,0xfc,0x7d,
  0x76,0xb7,0xcd,0x7f,0xd2,0x4,0x60,0x16,0x5f,0x7e,0x2a,0x70,0x3e,0x70,0x6b,0xef,
  0xb3,0x88,0x88,0xc8,0x41,0x3e,0x3,0x3c,0x1c,0xf8,0xe6,0x3c,0xcc,0x1f,0x68,0x8d,
  0xbb,0x6,0x60,0x56,0x5f,0xfe,0x19,0xe0,0x14,0xe0,0x23,0xde,0x6b,0x11,0x11,0x11,
  0x0,0x5e,0xb,0x9c,0x39,0x27,0xf3,0x6f,0x91,0x1d,0xfc,0x37,0x4e,0x2,0x30,0xe8,
  0x54,0xa1,0x69,0xbf,0xfc,0x6a,0xd2,0xe7,0x1b,0x2f,0x24,0xdd,0xd7,0x58,0x44,0x44,
  0xa4,0x89,0x5c,0x43,0xba,0xd8,0xef,0xb7,0x8,0xef,0xef,0xbf,0x5b,0xe6,0x9f,0xfe,
  0x32,0xe2,0x11,0x40,0x7e,0x9e,0x70,0xf1,0x98,0xe0,0x9d,0x7c,0x79,0xf9,0x62,0xee,
  0xa,0xbc,0xa,0xf8,0x29,0xeb,0x81,0x88,0x88,0x34,0x88,0xb7,0x3,0x4f,0x6,0xbe,
  0x33,0xa6,0x5f,0xce,0xc2,0xfc,0xbb,0xd9,0x7f,0xf7,0x81,0xa4,0x3d,0xa2,0xf0,0xca,
  0xc,0xbf,0x3c,0x74,0x31,0x9f,0x25,0x7d,0x24,0xf0,0x2c,0xe0,0x47,0xd6,0x7,0x11,
  0x11,0x59,0x70,0xbe,0xc,0x3c,0x4,0xf8,0xc5,0x39,0x9b,0xff,0x52,0x59,0xaf,0x3d,
  0xa4,0xf0,0xf2,0x2e,0x9b,0x7f,0xae,0xb7,0x1,0xbc,0x8,0xf8,0x49,0xe0,0xd,0xa4,
  0x5b,0x12,0x8b,0x88,0x88,0x2c,0x12,0xdf,0x5,0x9e,0x4a,0x3a,0xe3,0xfd,0xde,0x29,
  0xfd,0x72,0x5a,0xff,0x2d,0xfb,0x39,0x40,0x12,0x7a,0x4,0x90,0x67,0xa,0x6d,0xe,
  0x1d,0x12,0x4,0x23,0x4e,0x15,0x9a,0xe1,0xc5,0x1c,0x7,0x3c,0x1b,0x78,0x54,0x61,
  0xba,0x42,0x44,0x44,0xa4,0x8e,0x5c,0x9,0xfc,0x29,0xf0,0xe7,0x8c,0x9e,0xe9,0xde,
  0xd,0xf3,0x5f,0xc9,0x34,0x92,0x4c,0xa3,0x4f,0xb6,0xfe,0xae,0x9c,0x0,0xe4,0xcf,
  0x8,0xf2,0x67,0xfe,0xf9,0xc,0xc1,0xda,0x9c,0xcc,0xbf,0xc8,0xb1,0xa4,0xbb,0x8,
  0xfe,0x1a,0x70,0x94,0x75,0x48,0x44,0x44,0x6a,0xc4,0x85,0x99,0xe9,0xbf,0x1d,0xd8,
  0xbf,0xcb,0x7e,0x39,0x48,0x2f,0xdf,0x77,0x27,0x3f,0xe9,0xb7,0x97,0x99,0x7f,0x12,
  0x4a,0x0,0xba,0xa5,0x91,0x7f,0x8b,0xf4,0x30,0x82,0x79,0x9b,0x7f,0x91,0x65,0xd2,
  0x4d,0x84,0x7e,0x19,0xb8,0x7f,0xf6,0xbb,0x88,0x88,0x48,0x6c,0x7c,0x9,0x78,0x1b,
  0xf0,0x16,0xc2,0x7,0xf8,0xcc,0xd3,0xfc,0xf7,0x14,0x74,0xf2,0x91,0xff,0x7e,0xa,
  0x5b,0xf3,0x17,0x13,0x80,0x4e,0xc1,0xf8,0xf3,0x91,0xff,0xfe,0x8a,0xcd,0xbf,0xac,
  0x77,0x63,0xe0,0x67,0x81,0x9f,0x3,0xce,0x2,0x7e,0xdc,0xfa,0x26,0x22,0x22,0x15,
  0xf1,0x43,0xe0,0x53,0xc0,0x47,0x81,0x77,0x2,0xff,0x16,0x91,0x5f,0x96,0x47,0xfe,
  0x1b,0x94,0xce,0xe5,0xc9,0x13,0x80,0x56,0x60,0xe4,0xbf,0x9f,0xe9,0xe,0xf1,0xd9,
  0xad,0x8b,0x9,0xe9,0xdd,0x2,0x38,0x1d,0x38,0x19,0xb8,0x13,0x70,0x7,0xd2,0x47,
  0x7,0x47,0x5a,0x2f,0x45,0x44,0x64,0x46,0xfc,0x0,0xf8,0x6,0xf0,0x55,0xe0,0x2b,
  0xd9,0xe8,0xfe,0x73,0xc0,0x15,0x99,0xb9,0xee,0x86,0xbf,0xed,0x54,0xaf,0x38,0xf2,
  0x5f,0xb,0xf9,0x79,0x9e,0x0,0x94,0x47,0xfe,0x9b,0x35,0x30,0xff,0x61,0x7a,0x4b,
  0x59,0x12,0x70,0x23,0xd2,0x5,0x10,0x9d,0x82,0xde,0x6a,0x40,0x6f,0x27,0x6b,0x1c,
  0xd4,0x53,0x4f,0x3d,0xf5,0xd4,0x5b,0x2c,0xbd,0x7c,0xc4,0xfc,0x43,0xe0,0xfb,0xd9,
  0x7f,0xc7,0xe2,0x6f,0xe3,0xea,0xe5,0x23,0xff,0x81,0xd7,0x5b,0x4e,0x0,0x5a,0xd9,
  0x7,0xea,0x6c,0xfe,0xea,0xa9,0xa7,0x9e,0x7a,0xea,0xa9,0xd7,0x74,0xbd,0x1e,0x23,
  0xde,0xde,0x6b,0x7,0xb2,0x1e,0xcd,0x5f,0x3d,0xf5,0xd4,0x53,0x4f,0x3d,0xf5,0xea,
  0xad,0x37,0xf2,0xd5,0xfd,0x6e,0xa1,0xf0,0xb4,0x27,0xa,0x19,0x6c,0xf5,0xd4,0x53,
  0x4f,0x3d,0xf5,0xd4,0xab,0x99,0x5e,0xbb,0xf0,0x1,0xcd,0x5f,0x3d,0xf5,0xd4,0x53,
  0x4f,0x3d,0xf5,0x1a,0xa2,0xd7,0x66,0x7a,0xc,0xb6,0x7a,0xea,0xa9,0xa7,0x9e,0x7a,
  0xea,0xd5,0x54,0x6f,0xda,0x4,0xc0,0x60,0xab,0xa7,0x9e,0x7a,0xea,0xa9,0xa7,0x5e,
  0x8d,0xf5,0xda,0x6,0x47,0x3d,0xf5,0xd4,0x53,0x4f,0x3d,0xf5,0x9a,0xa7,0xd7,0x36,
  0x38,0xea,0xa9,0xa7,0x9e,0x7a,0xea,0xa9,0xd7,0x38,0xbd,0x89,0x12,0x0,0x83,0xad,
  0x9e,0x7a,0xea,0xa9,0xa7,0x9e,0x7a,0xb,0x60,0xfe,0x40,0xab,0x6b,0x70,0xd4,0x53,
  0x4f,0x3d,0xf5,0xd4,0x53,0xaf,0x31,0x7a,0xf9,0xae,0xbf,0x49,0x7b,0xcc,0x2f,0xdf,
  0x63,0xb0,0xd5,0x53,0x4f,0x3d,0xf5,0xd4,0x53,0xaf,0xf6,0xe6,0xdf,0x29,0x8a,0x8f,
  0xfa,0xf2,0xd5,0x52,0x39,0x83,0xad,0x9e,0x7a,0xea,0xa9,0xa7,0x9e,0x7a,0xf5,0x33,
  0xff,0x6e,0x51,0xaf,0x3d,0xa2,0xf0,0x8a,0xc1,0x56,0x4f,0x3d,0xf5,0xd4,0x53,0x4f,
  0xbd,0xda,0x9b,0xff,0x52,0x59,0xaf,0x3b,0xa4,0xf0,0xb2,0xc1,0x56,0x4f,0x3d,0xf5,
  0xd4,0x53,0x4f,0xbd,0xda,0xeb,0x2d,0x15,0x74,0x86,0x26,0x0,0xa1,0x4c,0xa1,0xcf,
  0x18,0x7,0xb,0x18,0x6c,0xf5,0xd4,0x53,0x4f,0x3d,0xf5,0xd4,0x8b,0x4a,0x6f,0x25,
  0xd3,0x48,0xa,0x7a,0x3d,0x38,0x74,0x18,0x50,0xd1,0xfc,0xbb,0xcc,0xf6,0x3c,0x66,
  0x6f,0x9e,0x7a,0xea,0xa9,0xa7,0x9e,0x7a,0xea,0xcd,0x5f,0x6f,0xb5,0x34,0xf2,0x3f,
  0x68,0xfe,0xa1,0x4,0xa0,0x13,0xf8,0xf2,0x75,0x83,0xad,0x9e,0x7a,0xea,0xa9,0xa7,
  0x9e,0x7a,0xb5,0xd2,0xdb,0x13,0x30,0xff,0xcd,0xc2,0xef,0x5b,0x12,0x80,0x90,0xf9,
  0x6f,0x18,0x6c,0xf5,0xd4,0x53,0x4f,0x3d,0xf5,0xd4,0xab,0x9d,0x1e,0x85,0xcf,0x27,
  0xc0,0x7e,0x4a,0x27,0xff,0xe6,0x9,0x40,0xab,0x24,0x10,0x2c,0x6c,0xb0,0xd5,0x53,
  0x4f,0x3d,0xf5,0xd4,0x53,0xaf,0x16,0x7a,0x49,0x69,0x30,0xbf,0xcd,0xcf,0x43,0x9,
  0x40,0x2,0x1c,0xd0,0xfc,0xd5,0x53,0x4f,0x3d,0xf5,0xd4,0x53,0xaf,0xf6,0x7a,0xeb,
  0x83,0xfc,0xbc,0x1b,0x18,0xf9,0xf7,0x34,0x7f,0xf5,0xd4,0x53,0x4f,0x3d,0xf5,0xd4,
  0xab,0xb5,0x5e,0x9f,0x11,0xb,0xf8,0xcb,0x1b,0x1,0x69,0xfe,0xea,0xa9,0xa7,0x9e,
  0x7a,0xea,0xa9,0x57,0x7f,0xbd,0x91,0xaf,0xee,0x77,0xb,0x85,0xa7,0x3d,0x51,0xc8,
  0x60,0xab,0xa7,0x9e,0x7a,0xea,0xa9,0xa7,0x5e,0xcd,0xf4,0xda,0x85,0xf,0x68,0xfe,
  0xea,0xa9,0xa7,0x9e,0x7a,0xea,0xa9,0xd7,0x10,0xbd,0x36,0xd3,0x63,0xb0,0xd5,0x53,
  0x4f,0x3d,0xf5,0xd4,0x53,0xaf,0xa6,0x7a,0xdd,0x1d,0x98,0x7f,0x79,0x93,0x81,0x9d,
  0x6e,0x17,0xac,0x9e,0x7a,0xea,0xa9,0xa7,0x9e,0x7a,0xea,0xcd,0x49,0xaf,0x95,0x24,
  0xc9,0x34,0x5f,0xbe,0xca,0x6c,0xb7,0xb,0x56,0x4f,0x3d,0xf5,0xd4,0x53,0x4f,0x3d,
  0xf5,0xe6,0xa8,0xd7,0x9d,0xe2,0xcb,0x57,0x4a,0x99,0xc7,0x4e,0xb7,0xb,0x56,0x4f,
  0x3d,0xf5,0xd4,0x53,0x4f,0x3d,0xf5,0xe6,0xab,0x37,0x51,0x2,0x90,0x9f,0x12,0x58,
  0x3e,0x55,0x28,0xb8,0xc3,0x90,0x7a,0xea,0xa9,0xa7,0x9e,0x7a,0xea,0xa9,0x17,0xa5,
  0x1e,0x40,0xab,0x3b,0xe1,0x97,0x97,0x33,0x8f,0xfd,0x3b,0xbc,0x18,0xf5,0xd4,0x53,
  0x4f,0x3d,0xf5,0xd4,0x53,0x6f,0xbe,0x7a,0x6d,0x20,0x19,0x67,0xd,0xc0,0xa0,0x23,
  0x82,0x37,0x77,0xf0,0xe5,0xea,0xa9,0xa7,0x9e,0x7a,0xea,0xa9,0xa7,0xde,0xfc,0xf5,
  0x3a,0xf9,0x4c,0x42,0x77,0xcc,0xc2,0xe5,0xcc,0xa3,0xb7,0xc3,0x2f,0x57,0x4f,0x3d,
  0xf5,0xd4,0x53,0x4f,0x3d,0xf5,0xe6,0xaf,0x77,0xf0,0xa0,0xa0,0x51,0x33,0x0,0x9d,
  0xc0,0xff,0xeb,0x31,0x3d,0xea,0xa9,0xa7,0x9e,0x7a,0xea,0xa9,0xa7,0x5e,0xf5,0x7a,
  0xfd,0xee,0x88,0x6c,0x21,0x29,0x4d,0x3b,0x24,0x3b,0xf8,0x72,0xf5,0xd4,0x53,0x4f,
  0x3d,0xf5,0xd4,0x53,0x2f,0x12,0xbd,0xff,0xf,0x17,0x7e,0xde,0xa1,0x18,0x71,0xef,
  0x4,0x0,0x0,0x0,0x0,0x49,0x45,0x4e,0x44,0xae,0x42,0x60,0x82,
    // /media/yasso/yasso2/Embedded Systems/grad project/qt/InfotainmentQt-draft2/media/volume_up-24px.svg
  0x0,0x0,0x1,0x6b,
  0x3c,
  0x73,0x76,0x67,0x20,0x78,0x6d,0x6c,0x6e,0x73,0x3d,0x22,0x68,0x74,0x74,0x70,0x3a,
  0x2f,0x2f,0x77,0x77,0x77,0x2e,0x77,0x33,0x2e,0x6f,0x72,0x67,0x2f,0x32,0x30,0x30,
  0x30,0x2f,0x73,0x76,0x67,0x22,0x20,0x77,0x69,0x64,0x74,0x68,0x3d,0x22,0x32,0x34,
  0x22,0x20,0x68,0x65,0x69,0x67,0x68,0x74,0x3d,0x22,0x32,0x34,0x22,0x20,0x76,0x69,
  0x65,0x77,0x42,0x6f,0x78,0x3d,0x22,0x30,0x20,0x30,0x20,0x32,0x34,0x20,0x32,0x34,
  0x22,0x3e,0xa,0x20,0x20,0x20,0x20,0x3c,0x70,0x61,0x74,0x68,0x20,0x66,0x69,0x6c,
  0x6c,0x3d,0x22,0x6e,0x6f,0x6e,0x65,0x22,0x20,0x64,0x3d,0x22,0x4d,0x30,0x20,0x30,
  0x68,0x32,0x34,0x76,0x32,0x34,0x48,0x30,0x7a,0x22,0x2f,0x3e,0xa,0x20,0x20,0x20,
  0x20,0x3c,0x70,0x61,0x74,0x68,0x20,0x66,0x69,0x6c,0x6c,0x3d,0x22,0x72,0x67,0x62,
  0x28,0x32,0x35,0x35,0x2c,0x20,0x32,0x35,0x35,0x2c,0x20,0x32,0x35,0x35,0x29,0x22,
  0x20,0x64,0x3d,0x22,0x4d,0x33,0x20,0x39,0x76,0x36,0x68,0x34,0x6c,0x35,0x20,0x35,
  0x56,0x34,0x4c,0x37,0x20,0x39,0x48,0x33,0x7a,0x6d,0x31,0x33,0x2e,0x35,0x20,0x33,
  0x63,0x30,0x2d,0x31,0x2e,0x37,0x37,0x2d,0x31,0x2e,0x30,0x32,0x2d,0x33,0x2e,0x32,
  0x39,0x2d,0x32,0x2e,0x35,0x2d,0x34,0x2e,0x30,0x33,0x76,0x38,0x2e,0x30,0x35,0x63,
  0x31,0x2e,0x34,0x38,0x2d,0x2e,0x37,0x33,0x20,0x32,0x2e,0x35,0x2d,0x32,0x2e,0x32,
  0x35,0x20,0x32,0x2e,0x35,0x2d,0x34,0x2e,0x30,0x32,0x7a,0x4d,0x31,0x34,0x20,0x33,
  0x2e,0x32,0x33,0x76,0x32,0x2e,0x30,0x36,0x63,0x32,0x2e,0x38,0x39,0x2e,0x38,0x36,
  0x20,0x35,0x20,0x33,0x2e,0x35,0x34,0x20,0x35,0x20,0x36,0x2e,0x37,0x31,0x73,0x2d,
  0x32,0x2e,0x31,0x31,0x20,0x35,0x2e,0x38,0x35,0x2d,0x35,0x20,0x36,0x2e,0x37,0x31,
  0x76,0x32,0x2e,0x30,0x36,0x63,0x34,0x2e,0x30,0x31,0x2d,0x2e,0x39,0x31,0x20,0x37,
  0x2d,0x34,0x2e,0x34,0x39,0x20,0x37,0x2d,0x38,0x2e,0x37,0x37,0x73,0x2d,0x32,0x2e,
  0x39,0x39,0x2d,0x37,0x2e,0x38,0x36,0x2d,0x37,0x2d,0x38,0x2e,0x37,0x37,0x7a,0x22,
  0x2f,0x3e,0xa,0x3c,0x2f,0x73,0x76,0x67,0x3e,0xa,
    // /media/yasso/yasso2/Embedded Systems/grad project/qt/InfotainmentQt-draft2/media/play_icon.svg
  0x0,0x0,0x0,0xbd,
  0x3c,
  0x73,0x76,0x67,0x20,0x78,0x6d,0x6c,0x6e,0x73,0x3d,0x22,0x68,0x74,0x74,0x70,0x3a,
  0x2f,0x2f,0x77,0x77,0x77,0x2e,0x77,0x33,0x2e,0x6f,0x72,0x67,0x2f,0x32,0x30,0x30,
  0x30,0x2f,0x73,0x76,0x67,0x22,0x20,0x77,0x69,0x64,0x74,0x68,0x3d,0x22,0x32,0x34,
  0x22,0x20,0x68,0x65,0x69,0x67,0x68,0x74,0x3d,0x22,0x32,0x34,0x22,0x20,0x76,0x69,
  0x65,0x77,0x42,0x6f,0x78,0x3d,0x22,0x30,0x20,0x30,0x20,0x32,0x34,0x20,0x32,0x34,
  0x22,0x3e,0xa,0x20,0x20,0x20,0x20,0x3c,0x70,0x61,0x74,0x68,0x20,0x66,0x69,0x6c,
  0x6c,0x3d,0x22,0x6e,0x6f,0x6e,0x65,0x22,0x20,0x64,0x3d,0x22,0x4d,0x30,0x20,0x30,
  0x68,0x32,0x34,0x76,0x32,0x34,0x48,0x30,0x7a,0x22,0x2f,0x3e,0xa,0x20,0x20,0x20,
  0x20,0x3c,0x70,0x61,0x74,0x68,0x20,0x66,0x69,0x6c,0x6c,0x3d,0x22,0x72,0x67,0x62,
  0x28,0x32,0x35,0x35,0x2c,0x20,0x32,0x35,0x35,0x2c,0x20,0x32,0x35,0x35,0x29,0x22,
  0x20,0x64,0x3d,0x22,0x4d,0x38,0x20,0x35,0x76,0x31,0x34,0x6c,0x31,0x31,0x2d,0x37,
  0x7a,0x22,0x2f,0x3e,0xa,0x3c,0x2f,0x73,0x76,0x67,0x3e,0xa,
  
};

static const unsigned char qt_resource_name[] = {
  // mp4
  0x0,0x3,
  0x0,0x0,0x74,0x34,
  0x0,0x6d,
  0x0,0x70,0x0,0x34,
    // media
  0x0,0x5,
  0x0,0x73,0xba,0xf1,
  0x0,0x6d,
  0x0,0x65,0x0,0x64,0x0,0x69,0x0,0x61,
    // pause_icon.svg
  0x0,0xe,
  0xb,0xf2,0x2c,0x87,
  0x0,0x70,
  0x0,0x61,0x0,0x75,0x0,0x73,0x0,0x65,0x0,0x5f,0x0,0x69,0x0,0x63,0x0,0x6f,0x0,0x6e,0x0,0x2e,0x0,0x73,0x0,0x76,0x0,0x67,
    // volume_off-24px.svg
  0x0,0x13,
  0xa,0x4d,0x77,0x27,
  0x0,0x76,
  0x0,0x6f,0x0,0x6c,0x0,0x75,0x0,0x6d,0x0,0x65,0x0,0x5f,0x0,0x6f,0x0,0x66,0x0,0x66,0x0,0x2d,0x0,0x32,0x0,0x34,0x0,0x70,0x0,0x78,0x0,0x2e,0x0,0x73,
  0x0,0x76,0x0,0x67,
    // backward_icon.svg
  0x0,0x11,
  0x5,0x10,0x79,0x87,
  0x0,0x62,
  0x0,0x61,0x0,0x63,0x0,0x6b,0x0,0x77,0x0,0x61,0x0,0x72,0x0,0x64,0x0,0x5f,0x0,0x69,0x0,0x63,0x0,0x6f,0x0,0x6e,0x0,0x2e,0x0,0x73,0x0,0x76,0x0,0x67,
  
    // goBack.svg
  0x0,0xa,
  0x7,0x93,0x9d,0xc7,
  0x0,0x67,
  0x0,0x6f,0x0,0x42,0x0,0x61,0x0,0x63,0x0,0x6b,0x0,0x2e,0x0,0x73,0x0,0x76,0x0,0x67,
    // forward_icon.svg
  0x0,0x10,
  0x5,0x6b,0xcb,0x47,
  0x0,0x66,
  0x0,0x6f,0x0,0x72,0x0,0x77,0x0,0x61,0x0,0x72,0x0,0x64,0x0,0x5f,0x0,0x69,0x0,0x63,0x0,0x6f,0x0,0x6e,0x0,0x2e,0x0,0x73,0x0,0x76,0x0,0x67,
    // video_icon.png
  0x0,0xe,
  0x9,0x39,0xe3,0x87,
  0x0,0x76,
  0x0,0x69,0x0,0x64,0x0,0x65,0x0,0x6f,0x0,0x5f,0x0,0x69,0x0,0x63,0x0,0x6f,0x0,0x6e,0x0,0x2e,0x0,0x70,0x0,0x6e,0x0,0x67,
    // volume_up-24px.svg
  0x0,0x12,
  0x2,0xfb,0xca,0xa7,
  0x0,0x76,
  0x0,0x6f,0x0,0x6c,0x0,0x75,0x0,0x6d,0x0,0x65,0x0,0x5f,0x0,0x75,0x0,0x70,0x0,0x2d,0x0,0x32,0x0,0x34,0x0,0x70,0x0,0x78,0x0,0x2e,0x0,0x73,0x0,0x76,
  0x0,0x67,
    // play_icon.svg
  0x0,0xd,
  0x8,0x30,0xb0,0xe7,
  0x0,0x70,
  0x0,0x6c,0x0,0x61,0x0,0x79,0x0,0x5f,0x0,0x69,0x0,0x63,0x0,0x6f,0x0,0x6e,0x0,0x2e,0x0,0x73,0x0,0x76,0x0,0x67,
  
};

static const unsigned char qt_resource_struct[] = {
  // :
  0x0,0x0,0x0,0x0,0x0,0x2,0x0,0x0,0x0,0x1,0x0,0x0,0x0,0x1,
0x0,0x0,0x0,0x0,0x0,0x0,0x0,0x0,
  // :/mp4
  0x0,0x0,0x0,0x0,0x0,0x2,0x0,0x0,0x0,0x1,0x0,0x0,0x0,0x2,
0x0,0x0,0x0,0x0,0x0,0x0,0x0,0x0,
  // :/mp4/media
  0x0,0x0,0x0,0xc,0x0,0x2,0x0,0x0,0x0,0x8,0x0,0x0,0x0,0x3,
0x0,0x0,0x0,0x0,0x0,0x0,0x0,0x0,
  // :/mp4/media/volume_up-24px.svg
  0x0,0x0,0x0,0xf4,0x0,0x0,0x0,0x0,0x0,0x1,0x0,0x0,0x4d,0xaa,
0x0,0x0,0x1,0x7a,0xa4,0x60,0xe3,0x78,
  // :/mp4/media/backward_icon.svg
  0x0,0x0,0x0,0x6a,0x0,0x0,0x0,0x0,0x0,0x1,0x0,0x0,0x2,0xe6,
0x0,0x0,0x1,0x7a,0xa4,0x60,0xe3,0x78,
  // :/mp4/media/forward_icon.svg
  0x0,0x0,0x0,0xac,0x0,0x0,0x0,0x0,0x0,0x1,0x0,0x0,0x4,0x91,
0x0,0x0,0x1,0x7a,0xa4,0x60,0xe3,0x78,
  // :/mp4/media/goBack.svg
  0x0,0x0,0x0,0x92,0x0,0x0,0x0,0x0,0x0,0x1,0x0,0x0,0x3,0xb5,
0x0,0x0,0x1,0x7a,0xa4,0x60,0xe3,0x78,
  // :/mp4/media/play_icon.svg
  0x0,0x0,0x1,0x1e,0x0,0x0,0x0,0x0,0x0,0x1,0x0,0x0,0x4f,0x19,
0x0,0x0,0x1,0x7a,0xa4,0x60,0xe3,0x78,
  // :/mp4/media/video_icon.png
  0x0,0x0,0x0,0xd2,0x0,0x0,0x0,0x0,0x0,0x1,0x0,0x0,0x5,0x68,
0x0,0x0,0x1,0x73,0x53,0xa8,0x0,0xd0,
  // :/mp4/media/volume_off-24px.svg
  0x0,0x0,0x0,0x3e,0x0,0x0,0x0,0x0,0x0,0x1,0x0,0x0,0x0,0xd3,
0x0,0x0,0x1,0x7a,0xa4,0x60,0xe3,0x78,
  // :/mp4/media/pause_icon.svg
  0x0,0x0,0x0,0x1c,0x0,0x0,0x0,0x0,0x0,0x1,0x0,0x0,0x0,0x0,
0x0,0x0,0x1,0x7a,0xa4,0x60,0xe3,0x78,

};

#ifdef QT_NAMESPACE
#  define QT_RCC_PREPEND_NAMESPACE(name) ::QT_NAMESPACE::name
#  define QT_RCC_MANGLE_NAMESPACE0(x) x
#  define QT_RCC_MANGLE_NAMESPACE1(a, b) a##_##b
#  define QT_RCC_MANGLE_NAMESPACE2(a, b) QT_RCC_MANGLE_NAMESPACE1(a,b)
#  define QT_RCC_MANGLE_NAMESPACE(name) QT_RCC_MANGLE_NAMESPACE2( \
        QT_RCC_MANGLE_NAMESPACE0(name), QT_RCC_MANGLE_NAMESPACE0(QT_NAMESPACE))
#else
#   define QT_RCC_PREPEND_NAMESPACE(name) name
#   define QT_RCC_MANGLE_NAMESPACE(name) name
#endif

#ifdef QT_NAMESPACE
namespace QT_NAMESPACE {
#endif

bool qRegisterResourceData(int, const unsigned char *, const unsigned char *, const unsigned char *);
bool qUnregisterResourceData(int, const unsigned char *, const unsigned char *, const unsigned char *);

#ifdef QT_NAMESPACE
}
#endif

int QT_RCC_MANGLE_NAMESPACE(qInitResources_mp4)();
int QT_RCC_MANGLE_NAMESPACE(qInitResources_mp4)()
{
    int version = 3;
    QT_RCC_PREPEND_NAMESPACE(qRegisterResourceData)
        (version, qt_resource_struct, qt_resource_name, qt_resource_data);
    return 1;
}

int QT_RCC_MANGLE_NAMESPACE(qCleanupResources_mp4)();
int QT_RCC_MANGLE_NAMESPACE(qCleanupResources_mp4)()
{
    int version = 3;
    QT_RCC_PREPEND_NAMESPACE(qUnregisterResourceData)
       (version, qt_resource_struct, qt_resource_name, qt_resource_data);
    return 1;
}

#ifdef __clang__
#   pragma clang diagnostic push
#   pragma clang diagnostic ignored "-Wexit-time-destructors"
#endif

namespace {
   struct initializer {
       initializer() { QT_RCC_MANGLE_NAMESPACE(qInitResources_mp4)(); }
       ~initializer() { QT_RCC_MANGLE_NAMESPACE(qCleanupResources_mp4)(); }
   } dummy;
}

#ifdef __clang__
#   pragma clang diagnostic pop
#endif
